﻿<?xml version="1.0" encoding="utf-8"?>
<Defs>
  <ThingDef ParentName="BasePawn" Name="BaseMechanoid_MTV" Abstract="True">
    <soundImpactDefault>BulletImpact_Metal</soundImpactDefault>
    <statBases>
      <PsychicSensitivity>0</PsychicSensitivity>
      <ToxicSensitivity>0</ToxicSensitivity>
      <Flammability>0</Flammability>
      <ComfyTemperatureMin>-150</ComfyTemperatureMin>
      <ComfyTemperatureMax>300</ComfyTemperatureMax>
      <ArmorRating_Heat>0.8</ArmorRating_Heat>
      <MeatAmount>0</MeatAmount>
      <MeleeHitChance>13</MeleeHitChance>
    </statBases>
    <race>
      <fleshType>Mechanoid</fleshType>
      <needsRest>false</needsRest>
      <hasGenders>false</hasGenders>
      <foodType>None</foodType>
      <lifeExpectancy>2500</lifeExpectancy>
    </race>
    <damageMultipliers>
      <li>
        <damageDef>Bullet</damageDef>
        <multiplier>0.7</multiplier>
      </li>
      <li>
        <damageDef>Bomb</damageDef>
        <multiplier>0.7</multiplier>
      </li>
      <li>
        <damageDef>EMP</damageDef>
        <multiplier>0</multiplier>
      </li>
      <li>
        <damageDef>Vanya_IgnoreDiffusionEX</damageDef>
        <multiplier>0</multiplier>
      </li>
      <li>
        <damageDef>Vanya_Burn</damageDef>
        <multiplier>2</multiplier>
      </li>
      <li>
        <damageDef>Vanya_IgnoreBleed</damageDef>
        <multiplier>2</multiplier>
      </li>
      <li>
        <damageDef>Vanya_IgnoreDiffusion</damageDef>
        <multiplier>2</multiplier>
      </li>
    </damageMultipliers>
  </ThingDef>
  <ThingDef ParentName="BaseMechanoid_MTV">
    <defName>Vanya_DroidAlpha</defName>
    <label>Alpha-Self Explode Droid</label>
    <description>A small and swift small droid with a single use pulse bomb, will throw bombs after get close to target, and will self explode in death.</description>
    <statBases>
      <MoveSpeed>5.05</MoveSpeed>
      <MeatAmount>0</MeatAmount>
    </statBases>
    <race>
      <intelligence>ToolUser</intelligence>
      <thinkTreeMain>Mechanoid</thinkTreeMain>
      <body>Vanya_DroidAlpha</body>
      <baseBodySize>0.8</baseBodySize>
      <baseHealthScale>0.2</baseHealthScale>
      <lifeStageAges>
        <li>
          <def>MechanoidFullyFormed</def>
          <minAge>0</minAge>
          <soundWounded>Pawn_Mech_Scyther_Wounded</soundWounded>
          <soundDeath>Pawn_Mech_Scyther_Death</soundDeath>
          <soundCall>Pawn_Mech_Scyther_Call</soundCall>
        </li>
      </lifeStageAges>
      <soundCallIntervalRange>
        <min>1000</min>
        <max>2000</max>
      </soundCallIntervalRange>
      <soundMeleeHitPawn>Pawn_Melee_SmallScratch_HitPawn</soundMeleeHitPawn>
      <soundMeleeHitBuilding>Pawn_Melee_SmallScratch_HitBuilding</soundMeleeHitBuilding>
      <soundMeleeMiss>Pawn_Melee_SmallScratch_Miss</soundMeleeMiss>
      <deathActionWorkerClass>DeathActionWorker_BigExplosion</deathActionWorkerClass>
      <executionRange>6</executionRange>
    </race>
    <butcherProducts>
      <Steel>10</Steel>
      <Plasteel>3</Plasteel>
      <ComponentIndustrial>1</ComponentIndustrial>
    </butcherProducts>
    <damageMultipliers>
      <li>
        <damageDef>Flame</damageDef>
        <multiplier>0</multiplier>
      </li>
    </damageMultipliers>
    <tools>
      <li>
        <label>blade</label>
        <capacities>
          <li>Cut</li>
          <li>Stab</li>
        </capacities>
        <power>5</power>
        <cooldownTime>1.65</cooldownTime>
        <linkedBodyPartsGroup>Vanya_DroidManipulationTool</linkedBodyPartsGroup>
        <alwaysTreatAsWeapon>true</alwaysTreatAsWeapon>
      </li>
      <li>
        <label>head</label>
        <capacities>
          <li>Blunt</li>
        </capacities>
        <power>4</power>
        <cooldownTime>1.75</cooldownTime>
        <linkedBodyPartsGroup>HeadAttackTool</linkedBodyPartsGroup>
        <chanceFactor>0.2</chanceFactor>
      </li>
    </tools>
  </ThingDef>
  <ThingDef ParentName="BaseMechanoid_MTV">
    <defName>Vanya_DroidBeta</defName>
    <label>Beta-Humanoid</label>
    <description>A advanced humanoid, can equip various weapons to fight.</description>
    <statBases>
      <MoveSpeed>5.03</MoveSpeed>
      <ArmorRating_Blunt>0.25</ArmorRating_Blunt>
      <ArmorRating_Sharp>0.50</ArmorRating_Sharp>
      <MeatAmount>0</MeatAmount>
      <MeleeDodgeChance>8</MeleeDodgeChance>
    </statBases>
    <race>
      <intelligence>ToolUser</intelligence>
      <thinkTreeMain>Mechanoid</thinkTreeMain>
      <body>Vanya_DroidBeta</body>
      <baseBodySize>1.0</baseBodySize>
      <baseHealthScale>1.1</baseHealthScale>
      <lifeStageAges>
        <li>
          <def>MechanoidFullyFormed</def>
          <minAge>0</minAge>
          <soundWounded>Pawn_Mech_Scyther_Wounded</soundWounded>
          <soundDeath>Pawn_Mech_Scyther_Death</soundDeath>
          <soundCall>Pawn_Mech_Scyther_Call</soundCall>
        </li>
      </lifeStageAges>
      <soundCallIntervalRange>
        <min>1000</min>
        <max>2000</max>
      </soundCallIntervalRange>
      <soundMeleeHitPawn>Pawn_Melee_MechanoidSlash_HitPawn</soundMeleeHitPawn>
      <soundMeleeHitBuilding>Pawn_Melee_MechanoidSlash_HitBuilding</soundMeleeHitBuilding>
      <soundMeleeMiss>Pawn_Melee_MechanoidSlash_Miss</soundMeleeMiss>
    </race>
    <butcherProducts>
      <Steel>20</Steel>
      <Plasteel>7</Plasteel>
      <ComponentIndustrial>1</ComponentIndustrial>
    </butcherProducts>
    <damageMultipliers>
      <li>
        <damageDef>Flame</damageDef>
        <multiplier>0.6</multiplier>
      </li>
    </damageMultipliers>
    <tools>
      <li>
        <label>left blade</label>
        <capacities>
          <li>Cut</li>
          <li>Stab</li>
        </capacities>
        <power>24</power>
        <cooldownTime>1.65</cooldownTime>
        <linkedBodyPartsGroup>LeftBlade</linkedBodyPartsGroup>
        <alwaysTreatAsWeapon>true</alwaysTreatAsWeapon>
      </li>
      <li>
        <label>right blade</label>
        <capacities>
          <li>Cut</li>
          <li>Stab</li>
        </capacities>
        <power>24</power>
        <cooldownTime>1.65</cooldownTime>
        <linkedBodyPartsGroup>RightBlade</linkedBodyPartsGroup>
        <alwaysTreatAsWeapon>true</alwaysTreatAsWeapon>
      </li>
      <li>
        <label>head</label>
        <capacities>
          <li>Blunt</li>
        </capacities>
        <power>7</power>
        <cooldownTime>1.65</cooldownTime>
        <linkedBodyPartsGroup>HeadAttackTool</linkedBodyPartsGroup>
        <chanceFactor>0.2</chanceFactor>
      </li>
    </tools>
  </ThingDef>
  <ThingDef ParentName="BaseMechanoid_MTV">
    <defName>Vanya_DroidBetaEX</defName>
    <label>Beta-2-Heavy Armor Humanoid</label>
    <description>Advanced humanoid with heavy armor, can fight with various weapons.</description>
    <statBases>
      <MoveSpeed>4.61</MoveSpeed>
      <ArmorRating_Blunt>0.40</ArmorRating_Blunt>
      <ArmorRating_Sharp>0.70</ArmorRating_Sharp>
      <MeatAmount>0</MeatAmount>
    </statBases>
    <race>
      <intelligence>ToolUser</intelligence>
      <thinkTreeMain>Mechanoid</thinkTreeMain>
      <body>Vanya_DroidBetaEX</body>
      <baseBodySize>1.0</baseBodySize>
      <baseHealthScale>1.33</baseHealthScale>
      <lifeStageAges>
        <li>
          <def>MechanoidFullyFormed</def>
          <minAge>0</minAge>
          <soundWounded>Pawn_Mech_Scyther_Wounded</soundWounded>
          <soundDeath>Pawn_Mech_Scyther_Death</soundDeath>
          <soundCall>Pawn_Mech_Scyther_Call</soundCall>
        </li>
      </lifeStageAges>
      <soundCallIntervalRange>
        <min>1000</min>
        <max>2000</max>
      </soundCallIntervalRange>
      <soundMeleeHitPawn>Pawn_Melee_MechanoidSlash_HitPawn</soundMeleeHitPawn>
      <soundMeleeHitBuilding>Pawn_Melee_MechanoidSlash_HitBuilding</soundMeleeHitBuilding>
      <soundMeleeMiss>Pawn_Melee_MechanoidSlash_Miss</soundMeleeMiss>
    </race>
    <butcherProducts>
      <Steel>25</Steel>
      <Plasteel>9</Plasteel>
      <ComponentIndustrial>2</ComponentIndustrial>
    </butcherProducts>
    <damageMultipliers>
      <li>
        <damageDef>Flame</damageDef>
        <multiplier>0.6</multiplier>
      </li>
    </damageMultipliers>
    <tools>
      <li>
        <label>left blade</label>
        <capacities>
          <li>Cut</li>
          <li>Stab</li>
        </capacities>
        <power>24</power>
        <cooldownTime>1.65</cooldownTime>
        <linkedBodyPartsGroup>LeftBlade</linkedBodyPartsGroup>
        <alwaysTreatAsWeapon>true</alwaysTreatAsWeapon>
      </li>
      <li>
        <label>right blade</label>
        <capacities>
          <li>Cut</li>
          <li>Stab</li>
        </capacities>
        <power>24</power>
        <cooldownTime>1.65</cooldownTime>
        <linkedBodyPartsGroup>RightBlade</linkedBodyPartsGroup>
        <alwaysTreatAsWeapon>true</alwaysTreatAsWeapon>
      </li>
      <li>
        <label>head</label>
        <capacities>
          <li>Blunt</li>
        </capacities>
        <power>7</power>
        <cooldownTime>1.65</cooldownTime>
        <linkedBodyPartsGroup>HeadAttackTool</linkedBodyPartsGroup>
        <chanceFactor>0.2</chanceFactor>
      </li>
    </tools>
  </ThingDef>
  <ThingDef ParentName="BaseMechanoid_MTV">
    <defName>Vanya_DroidGamma</defName>
    <label>Gamma-Wolf Droid</label>
    <description>Wolf shape droid, can equip single use weapons.</description>
    <statBases>
      <MoveSpeed>5.15</MoveSpeed>
      <ArmorRating_Blunt>0.25</ArmorRating_Blunt>
      <ArmorRating_Sharp>0.50</ArmorRating_Sharp>
      <MeatAmount>0</MeatAmount>
    </statBases>
    <race>
      <intelligence>ToolUser</intelligence>
      <thinkTreeMain>Mechanoid</thinkTreeMain>
      <body>Vanya_DroidGamma</body>
      <baseBodySize>1.0</baseBodySize>
      <baseHealthScale>0.95</baseHealthScale>
      <lifeStageAges>
        <li>
          <def>MechanoidFullyFormed</def>
          <minAge>0</minAge>
          <soundWounded>Pawn_Mech_Centipede_Wounded</soundWounded>
          <soundDeath>Pawn_Mech_Centipede_Death</soundDeath>
          <soundCall>Pawn_Mech_Centipede_Call</soundCall>
        </li>
      </lifeStageAges>
      <soundCallIntervalRange>
        <min>1000</min>
        <max>2000</max>
      </soundCallIntervalRange>
      <soundMeleeHitPawn>Pawn_Melee_MechanoidSlash_HitPawn</soundMeleeHitPawn>
      <soundMeleeHitBuilding>Pawn_Melee_MechanoidSlash_HitBuilding</soundMeleeHitBuilding>
      <soundMeleeMiss>Pawn_Melee_MechanoidSlash_Miss</soundMeleeMiss>
    </race>
    <butcherProducts>
      <Steel>25</Steel>
      <Plasteel>8</Plasteel>
      <ComponentIndustrial>1</ComponentIndustrial>
    </butcherProducts>
    <damageMultipliers>
      <li>
        <damageDef>Flame</damageDef>
        <multiplier>0.6</multiplier>
      </li>
    </damageMultipliers>
    <tools>
      <li>
        <label>left claw</label>
        <capacities>
          <li>Scratch</li>
        </capacities>
        <power>13</power>
        <cooldownTime>1.65</cooldownTime>
        <linkedBodyPartsGroup>Vanya_DroidLBFoot</linkedBodyPartsGroup>
      </li>
      <li>
        <label>right claw</label>
        <capacities>
          <li>Scratch</li>
        </capacities>
        <power>13</power>
        <cooldownTime>1.65</cooldownTime>
        <linkedBodyPartsGroup>Vanya_DroidRBFoot</linkedBodyPartsGroup>
      </li>
      <li>
        <label>head</label>
        <capacities>
          <li>Blunt</li>
        </capacities>
        <power>10</power>
        <cooldownTime>1.65</cooldownTime>
        <linkedBodyPartsGroup>HeadAttackTool</linkedBodyPartsGroup>
        <chanceFactor>0.2</chanceFactor>
      </li>
    </tools>
  </ThingDef>
  <ThingDef ParentName="BaseMechanoid_MTV">
    <defName>Vanya_DroidGammaEX</defName>
    <label>Gamma-2-Heavy Armor Wolf Droid</label>
    <description>Heavy armored wolf shape droid, can equip single use weapons.</description>
    <statBases>
      <MoveSpeed>4.84</MoveSpeed>
      <ArmorRating_Blunt>0.33</ArmorRating_Blunt>
      <ArmorRating_Sharp>0.67</ArmorRating_Sharp>
      <MeatAmount>0</MeatAmount>
    </statBases>
    <race>
      <intelligence>ToolUser</intelligence>
      <thinkTreeMain>Mechanoid</thinkTreeMain>
      <body>Vanya_DroidGammaEX</body>
      <baseBodySize>1.0</baseBodySize>
      <baseHealthScale>1.0</baseHealthScale>
      <lifeStageAges>
        <li>
          <def>MechanoidFullyFormed</def>
          <minAge>0</minAge>
          <soundWounded>Pawn_Mech_Centipede_Wounded</soundWounded>
          <soundDeath>Pawn_Mech_Centipede_Death</soundDeath>
          <soundCall>Pawn_Mech_Centipede_Call</soundCall>
        </li>
      </lifeStageAges>
      <soundCallIntervalRange>
        <min>1000</min>
        <max>2000</max>
      </soundCallIntervalRange>
      <soundMeleeHitPawn>Pawn_Melee_MechanoidSlash_HitPawn</soundMeleeHitPawn>
      <soundMeleeHitBuilding>Pawn_Melee_MechanoidSlash_HitBuilding</soundMeleeHitBuilding>
      <soundMeleeMiss>Pawn_Melee_MechanoidSlash_Miss</soundMeleeMiss>
    </race>
    <butcherProducts>
      <Steel>30</Steel>
      <Plasteel>10</Plasteel>
      <ComponentIndustrial>2</ComponentIndustrial>
    </butcherProducts>
    <damageMultipliers>
      <li>
        <damageDef>Flame</damageDef>
        <multiplier>0.6</multiplier>
      </li>
    </damageMultipliers>
    <tools>
      <li>
        <label>left claw</label>
        <capacities>
          <li>Scratch</li>
        </capacities>
        <power>14</power>
        <cooldownTime>1.65</cooldownTime>
        <linkedBodyPartsGroup>Vanya_DroidLBFoot</linkedBodyPartsGroup>
      </li>
      <li>
        <label>right claw</label>
        <capacities>
          <li>Scratch</li>
        </capacities>
        <power>14</power>
        <cooldownTime>1.65</cooldownTime>
        <linkedBodyPartsGroup>Vanya_DroidRBFoot</linkedBodyPartsGroup>
      </li>
      <li>
        <label>head</label>
        <capacities>
          <li>Blunt</li>
        </capacities>
        <power>12</power>
        <cooldownTime>1.65</cooldownTime>
        <linkedBodyPartsGroup>HeadAttackTool</linkedBodyPartsGroup>
        <chanceFactor>0.2</chanceFactor>
      </li>
    </tools>
  </ThingDef>
  <ThingDef ParentName="BaseMechanoid_MTV">
    <defName>Vanya_DroidRuler</defName>
    <label>inquisitor</label>
    <description>Strong and swift humanoid, use accurate long range weapons, elite among mechanoids.</description>
    <statBases>
      <MoveSpeed>4.98</MoveSpeed>
      <ArmorRating_Blunt>0.36</ArmorRating_Blunt>
      <ArmorRating_Sharp>0.72</ArmorRating_Sharp>
      <MeatAmount>0</MeatAmount>
      <MeleeDodgeChance>10</MeleeDodgeChance>
    </statBases>
    <race>
      <intelligence>ToolUser</intelligence>
      <thinkTreeMain>Mechanoid</thinkTreeMain>
      <body>Vanya_DroidRuler</body>
      <baseBodySize>1.0</baseBodySize>
      <baseHealthScale>1.44</baseHealthScale>
      <lifeStageAges>
        <li>
          <def>MechanoidFullyFormed</def>
          <minAge>0</minAge>
          <soundWounded>Pawn_Mech_Scyther_Wounded</soundWounded>
          <soundDeath>Pawn_Mech_Scyther_Death</soundDeath>
          <soundCall>Pawn_Mech_Scyther_Call</soundCall>
        </li>
      </lifeStageAges>
      <soundCallIntervalRange>
        <min>1000</min>
        <max>2000</max>
      </soundCallIntervalRange>
      <soundMeleeHitPawn>Pawn_Melee_MechanoidSlash_HitPawn</soundMeleeHitPawn>
      <soundMeleeHitBuilding>Pawn_Melee_MechanoidSlash_HitBuilding</soundMeleeHitBuilding>
      <soundMeleeMiss>Pawn_Melee_MechanoidSlash_Miss</soundMeleeMiss>
    </race>
    <butcherProducts>
      <Steel>10</Steel>
      <Plasteel>22</Plasteel>
      <ComponentIndustrial>4</ComponentIndustrial>
      <ComponentSpacer>2</ComponentSpacer>
    </butcherProducts>
    <damageMultipliers>
      <li>
        <damageDef>Flame</damageDef>
        <multiplier>0.6</multiplier>
      </li>
    </damageMultipliers>
    <tools>
      <li>
        <label>left blade</label>
        <capacities>
          <li>Vanya_IgnoreBleed</li>
        </capacities>
        <power>10</power>
        <cooldownTime>1.35</cooldownTime>
        <linkedBodyPartsGroup>LeftBlade</linkedBodyPartsGroup>
        <alwaysTreatAsWeapon>true</alwaysTreatAsWeapon>
      </li>
      <li>
        <label>right blade</label>
        <capacities>
          <li>Vanya_IgnoreBleed</li>
        </capacities>
        <power>10</power>
        <cooldownTime>1.35</cooldownTime>
        <linkedBodyPartsGroup>RightBlade</linkedBodyPartsGroup>
        <alwaysTreatAsWeapon>true</alwaysTreatAsWeapon>
      </li>
      <li>
        <label>head</label>
        <capacities>
          <li>Blunt</li>
        </capacities>
        <power>7</power>
        <cooldownTime>1.65</cooldownTime>
        <linkedBodyPartsGroup>HeadAttackTool</linkedBodyPartsGroup>
        <chanceFactor>0.2</chanceFactor>
      </li>
    </tools>
  </ThingDef>
  <ThingDef ParentName="BaseMechanoid_MTV">
    <defName>Vanya_DroidFortress</defName>
    <label>bastion</label>
    <description>Giant war machine, move with caterpillar band, do mid range suppression fire.</description>
    <statBases>
      <MoveSpeed>2.74</MoveSpeed>
      <ArmorRating_Blunt>0.50</ArmorRating_Blunt>
      <ArmorRating_Sharp>0.80</ArmorRating_Sharp>
      <MeatAmount>0</MeatAmount>
      <ArmorRating_Heat>0.80</ArmorRating_Heat>
    </statBases>
    <race>
      <intelligence>ToolUser</intelligence>
      <thinkTreeMain>Mechanoid</thinkTreeMain>
      <body>Vanya_DroidFortress</body>
      <baseBodySize>4.0</baseBodySize>
      <baseHealthScale>4.0</baseHealthScale>
      <lifeStageAges>
        <li>
          <def>MechanoidFullyFormed</def>
          <minAge>0</minAge>
        </li>
      </lifeStageAges>
      <soundCallIntervalRange>
        <min>1000</min>
        <max>2000</max>
      </soundCallIntervalRange>
      <soundMeleeHitPawn>Pawn_Melee_MechanoidSlash_HitPawn</soundMeleeHitPawn>
      <soundMeleeHitBuilding>Pawn_Melee_MechanoidSlash_HitBuilding</soundMeleeHitBuilding>
      <soundMeleeMiss>Pawn_Melee_MechanoidSlash_Miss</soundMeleeMiss>
    </race>
    <butcherProducts>
      <Steel>100</Steel>
      <Plasteel>40</Plasteel>
      <ComponentIndustrial>10</ComponentIndustrial>
      <ComponentSpacer>4</ComponentSpacer>
    </butcherProducts>
    <damageMultipliers>
      <li>
        <damageDef>Flame</damageDef>
        <multiplier>0.6</multiplier>
      </li>
    </damageMultipliers>
    <tools>
      <li>
        <label>Hub</label>
        <capacities>
          <li>Blunt</li>
        </capacities>
        <power>50</power>
        <cooldownTime>2.33</cooldownTime>
        <linkedBodyPartsGroup>Vanya_DroidHub</linkedBodyPartsGroup>
        <alwaysTreatAsWeapon>true</alwaysTreatAsWeapon>
      </li>
      <li>
        <label>Track</label>
        <capacities>
          <li>Blunt</li>
        </capacities>
        <power>48</power>
        <cooldownTime>2.13</cooldownTime>
        <linkedBodyPartsGroup>Vanya_DroidTrack</linkedBodyPartsGroup>
        <alwaysTreatAsWeapon>true</alwaysTreatAsWeapon>
      </li>
    </tools>
  </ThingDef>
</Defs>