﻿<?xml version="1.0" encoding="utf-8"?>
<Defs>
  <BodyPartGroupDef>
    <defName>Vanya_DroidManipulationTool</defName>
    <label>Operation Panel</label>
  </BodyPartGroupDef>
  <!--dogs-->
  <BodyPartGroupDef>
    <defName>Vanya_DroidJaw</defName>
    <label>Mechanic Jaw</label>
  </BodyPartGroupDef>
  <BodyPartGroupDef>
    <defName>Vanya_DroidLBFoot</defName>
    <label>Front Left Foot</label>
  </BodyPartGroupDef>
  <BodyPartGroupDef>
    <defName>Vanya_DroidRBFoot</defName>
    <label>Front Right Foot</label>
  </BodyPartGroupDef>
  <!--Fortress-->
  <BodyPartGroupDef>
    <defName>Vanya_DroidHub</defName>
    <label>Wheel Hub</label>
  </BodyPartGroupDef>
  <BodyPartGroupDef>
    <defName>Vanya_DroidTrack</defName>
    <label>Caterpillar Band</label>
  </BodyPartGroupDef>
  <BodyPartGroupDef>
    <defName>Vanya_DroidPowerCore</defName>
    <label>Power Core</label>
  </BodyPartGroupDef>
  <!--Ruller-->
  <BodyPartGroupDef>
    <defName>Vanya_ConsciousnessCube</defName>
    <label>Consciousness Cube</label>
  </BodyPartGroupDef>
</Defs>