﻿<?xml version="1.0" encoding="utf-8"?>
<Defs>
  <FactionDef>
    <defName>Vanya_AdvMechanoid</defName>
    <label>Advanced Mechanoids</label>
    <description>A Mechanoid interstellar marine with highly advanced technology. They have been waiting in rimworld for a long time trying to find a weakness in human defensive forces to invade.</description>
    <pawnsPlural>Advanced Mechnoid</pawnsPlural>
    <requiredCountAtGameStart>1</requiredCountAtGameStart>
    <fixedName>Avanced Mechanoids</fixedName>
    <raidCommonalityFromPointsCurve>
      <points>
        <li>(500, 0.1)</li>
        <li>(800, 0.2)</li>
        <li>(1200, 1)</li>
        <li>(4000, 1.9)</li>
      </points>
    </raidCommonalityFromPointsCurve>
    <humanlikeFaction>false</humanlikeFaction>
    <hidden>true</hidden>
    <autoFlee>false</autoFlee>
    <canUseAvoidGrid>true</canUseAvoidGrid>
    <techLevel>Ultra</techLevel>
    <earliestRaidDays>105</earliestRaidDays>
    <permanentEnemy>true</permanentEnemy>
    <maxPawnCostPerTotalPointsCurve>
      <points>
        <li>(400,300)</li>
        <li>(900,300)</li>
        <li>(2000,800)</li>
        <li>(3000,1200)</li>
        <li>(100000,10000)</li>
      </points>
    </maxPawnCostPerTotalPointsCurve>
    <pawnGroupMakers>
      <li>
        <kindDef>Combat</kindDef>
        <commonality>20</commonality>
        <disallowedStrategies>
          <li>Vanya_Expressage</li>
        </disallowedStrategies>
        <options>
          <VanyaPK_DroidAlpha>100</VanyaPK_DroidAlpha>
        </options>
      </li>
      <li>
        <kindDef>Combat</kindDef>
        <commonality>67</commonality>
        <options>
          <VanyaPK_DroidAlpha>7</VanyaPK_DroidAlpha>
          <VanyaPK_DroidBeta>100</VanyaPK_DroidBeta>
          <VanyaPK_DroidGamma>100</VanyaPK_DroidGamma>
          <VanyaPK_DroidRuler>10</VanyaPK_DroidRuler>
        </options>
      </li>
      <li>
        <kindDef>Combat</kindDef>
        <commonality>87</commonality>
        <options>
          <VanyaPK_DroidAlpha>7</VanyaPK_DroidAlpha>
          <VanyaPK_DroidBetaEX>100</VanyaPK_DroidBetaEX>
          <VanyaPK_DroidGammaEX>100</VanyaPK_DroidGammaEX>
          <VanyaPK_DroidFortress>10</VanyaPK_DroidFortress>
        </options>
      </li>
      <li>
        <kindDef>Combat</kindDef>
        <commonality>100</commonality>
        <options>
          <VanyaPK_DroidAlpha>16</VanyaPK_DroidAlpha>
          <VanyaPK_DroidBeta>100</VanyaPK_DroidBeta>
          <VanyaPK_DroidBetaEX>100</VanyaPK_DroidBetaEX>
          <VanyaPK_DroidGamma>100</VanyaPK_DroidGamma>
          <VanyaPK_DroidGammaEX>100</VanyaPK_DroidGammaEX>
          <VanyaPK_DroidRuler>20</VanyaPK_DroidRuler>
          <VanyaPK_DroidFortress>20</VanyaPK_DroidFortress>
        </options>
      </li>
    </pawnGroupMakers>
    <homeIconPath>World/WorldObjects/DefaultSettlement</homeIconPath>
    <allowedArrivalTemperatureRange>
      <min>-150</min>
      <max>250</max>
    </allowedArrivalTemperatureRange>
  </FactionDef>
</Defs>