﻿<?xml version="1.0" encoding="utf-8"?>
<Defs>
  <IncidentDef>
    <defName>Polaris_TradeShipCrash</defName>
    <label>Trade ship crash</label>
    <targetTags>
      <li>Map_PlayerHome</li>
    </targetTags>
    <workerClass>Polarisbloc_Incidents.IncidentWorker_TradeShipPodCrash</workerClass>
    <baseChance>0.45</baseChance>
    <minRefireDays>120</minRefireDays>
    <category>Misc</category>
    <earliestDay>63</earliestDay>
  </IncidentDef>
  <IncidentDef>
    <defName>Polaris_HarvestBenediction</defName>
    <label>Demeter's Blessing</label>
    <targetTags>
      <li>Map_PlayerHome</li>
    </targetTags>
    <workerClass>Polarisbloc_Incidents.IncidentWorker_HarvestBenediction</workerClass>
    <baseChance>0.4</baseChance>
    <minRefireDays>39</minRefireDays>
    <category>Misc</category>
    <letterLabel>Demeter's Blessing</letterLabel>
    <letterText>Thanks to the blessings of the unknown, your crop has gained a lot of vitality.</letterText>
  </IncidentDef>
  <IncidentDef>
    <defName>Polaris_TurretDisturbed</defName>
    <label>Turret disturbed</label>
    <targetTags>
      <li>Map_PlayerHome</li>
    </targetTags>
    <workerClass>Polarisbloc_Incidents.IncidentWorker_TurretDisturbed</workerClass>
    <baseChance>3</baseChance>
    <minRefireDays>28</minRefireDays>
    <category>ThreatSmall</category>
    <letterLabel>turret disturbed</letterLabel>
    <letterText>One of your turrents has been disturbed by mechanoids, so it will distinguish you as enemy.</letterText>
  </IncidentDef>
  <IncidentDef>
    <defName>Polaris_Dekigokoro</defName>
    <label>Dekigokoro</label>
    <targetTags>
      <li>Map_PlayerHome</li>
    </targetTags>
    <workerClass>Polarisbloc_Incidents.IncidentWorker_Dekigokoro</workerClass>
    <baseChance>4</baseChance>
    <minRefireDays>17</minRefireDays>
    <category>ThreatSmall</category>
    <letterLabel>dekigokoro</letterLabel>
    <letterText>"Life should not be like this."-- {0} thought. and going to wander to think about something.</letterText>
  </IncidentDef>
  <IncidentDef>
    <defName>Polaris_ConduitFusing</defName>
    <label>power conduit fusing</label>
    <targetTags>
      <li>Map_PlayerHome</li>
    </targetTags>
    <workerClass>Polarisbloc_Incidents.IncidentWorker_ConduitFusing</workerClass>
    <baseChance>3</baseChance>
    <minRefireDays>33</minRefireDays>
    <category>ThreatSmall</category>
    <letterLabel>power conduit fusing</letterLabel>
    <letterText>Some of your power conduit has been fused out because of the large current in your power grid.</letterText>
    <letterDef>ThreatSmall</letterDef>
  </IncidentDef>
  <IncidentDef>
    <defName>Polaris_PowerOverload</defName>
    <label>overload</label>
    <targetTags>
      <li>Map_PlayerHome</li>
    </targetTags>
    <workerClass>Polarisbloc_Incidents.IncidentWorker_PowerOverload</workerClass>
    <baseChance>3.5</baseChance>
    <minRefireDays>27</minRefireDays>
    <category>ThreatSmall</category>
    <letterLabel>overload</letterLabel>
    <letterText>A power trader building has taken a lot of current and burn itself out.</letterText>
    <letterDef>ThreatSmall</letterDef>
  </IncidentDef>
</Defs>