﻿<?xml version="1.0" encoding="utf-8"?>
<Defs>
  <StorytellerDef Name="PolarisStoryteller" Abstract="True">
    <comps>
      <!-- Endgame - ship escape quest -->
      <li Class="StorytellerCompProperties_SingleOnceFixed">
        <fireAfterDaysPassed>20</fireAfterDaysPassed>
        <incident>GiveQuest_EndGame_ShipEscape</incident>
        <allowedTargetTags>
          <li>World</li>
        </allowedTargetTags>
      </li>
      <!-- Endgame - royal ascent quest (Royalty only) -->
      <li Class="StorytellerCompProperties_RefiringUniqueQuest">
        <minDaysPassed>18</minDaysPassed>
        <refireEveryDays>22</refireEveryDays>
        <incident MayRequire="Ludeon.RimWorld.Royalty">GiveQuest_EndGame_RoyalAscent</incident>
        <allowedTargetTags>
          <li>World</li>
        </allowedTargetTags>
        <enableIfAnyModActive>
          <li>Ludeon.RimWorld.Royalty</li>
        </enableIfAnyModActive>
      </li>
      <!-- Infestations from deep drilling -->
      <li Class="StorytellerCompProperties_DeepDrillInfestation">
        <baseMtbDaysPerDrill>20</baseMtbDaysPerDrill>
        <allowedTargetTags>
          <li>Map_PlayerHome</li>
          <li>Map_TempIncident</li>
          <li>Map_Misc</li>
          <li>Map_RaidBeacon</li>
        </allowedTargetTags>
      </li>
      <!-- Royalty intro quests -->
      <li Class="StorytellerCompProperties_SingleOnceFixed">
        <fireAfterDaysPassed>3</fireAfterDaysPassed>
        <incident MayRequire="Ludeon.RimWorld.Royalty">GiveQuest_Intro_Wimp</incident>
        <allowedTargetTags>
          <li>World</li>
        </allowedTargetTags>
        <enableIfAnyModActive>
          <li>Ludeon.RimWorld.Royalty</li>
        </enableIfAnyModActive>
      </li>
      <li Class="StorytellerCompProperties_SingleOnceFixed">
        <fireAfterDaysPassed>26</fireAfterDaysPassed>
        <incident MayRequire="Ludeon.RimWorld.Royalty">GiveQuest_Intro_Deserter</incident>
        <allowedTargetTags>
          <li>World</li>
        </allowedTargetTags>
        <enableIfAnyModActive>
          <li>Ludeon.RimWorld.Royalty</li>
        </enableIfAnyModActive>
      </li>
      <!-- Royalty tribute collector -->
      <li Class="StorytellerCompProperties_FactionInteraction">
        <incident MayRequire="Ludeon.RimWorld.Royalty">CaravanArrivalTributeCollector</incident>
        <minDaysPassed>20</minDaysPassed>
        <baseIncidentsPerYear>2</baseIncidentsPerYear>
        <minSpacingDays>24</minSpacingDays>
        <allowedTargetTags>
          <li>Map_PlayerHome</li>
        </allowedTargetTags>
        <enableIfAnyModActive>
          <li>Ludeon.RimWorld.Royalty</li>
        </enableIfAnyModActive>
      </li>
      <li Class="StorytellerCompProperties_SingleMTB">
        <incident>ThrumboPasses</incident>
        <mtbDays>27</mtbDays>
      </li>
      <li Class="StorytellerCompProperties_SingleMTB">
        <incident>OrbitalTraderArrival</incident>
        <mtbDays>13.7</mtbDays>
      </li>
    </comps>
  </StorytellerDef>
  <StorytellerDef ParentName="PolarisStoryteller">
    <defName>Polaris_BoffinGloria</defName>
    <label>「Boffin」Gloria</label>
    <description>Gloria is always far away from disputes, and she prefers to watch people struggle and tangle in all kinds of troubles compared to endless wars.</description>
    <portraitLarge>Polarisbloc/UI/Storytellers/BoffinGloria</portraitLarge>
    <portraitTiny>Polarisbloc/UI/Storytellers/BoffinGloriaTiny</portraitTiny>
    <listOrder>66</listOrder>
    <populationIntentFactorFromPopCurve>
      <points>
        <li>0, 8</li>
        <li>1, 4</li>
        <li>4, 1</li>
        <li>15, 0.5</li>
        <li>26, 0</li>
        <li>35, -1</li>
      </points>
    </populationIntentFactorFromPopCurve>
    <populationIntentFactorFromPopAdaptDaysCurve>
      <points>
        <li>( 0, 0.2)</li>
        <li>(10, 1.00)</li>
      </points>
    </populationIntentFactorFromPopAdaptDaysCurve>
    <pointsFactorFromDaysPassed>
      <points>
        <li>( 0, 0.60)</li>
        <li>(50, 1.00)</li>
      </points>
    </pointsFactorFromDaysPassed>
    <adaptDaysMin>-60</adaptDaysMin>
    <adaptDaysMax>120</adaptDaysMax>
    <adaptDaysGameStartGraceDays>0</adaptDaysGameStartGraceDays>
    <adaptDaysLossFromColonistLostByPostPopulation>
      <points>
        <li>( 0, 30)</li>
        <!-- 30 days at normal pops; slightly lower at really high pop -->
        <li>(12, 30)</li>
        <li>(24, 24)</li>
      </points>
    </adaptDaysLossFromColonistLostByPostPopulation>
    <adaptDaysLossFromColonistViolentlyDownedByPopulation>
      <points>
        <li>(1,  9)</li>
        <li>(2,  7)</li>
        <li>(3,  5)</li>
        <li>(12, 4)</li>
        <li>(24, 3)</li>
      </points>
    </adaptDaysLossFromColonistViolentlyDownedByPopulation>
    <adaptDaysGrowthRateCurve>
      <points>
        <li>(-30.01,6)</li>
        <li>(-30,   3)</li>
        <li>(-0.01, 3)</li>
        <li>(0,     1)</li>
        <li>(59.99, 1)</li>
        <li>(60,    0.5)</li>
        <li>(99.99, 0.5)</li>
        <li>(100,   0.25)</li>
      </points>
    </adaptDaysGrowthRateCurve>
    <pointsFactorFromAdaptDays>
      <points>
        <li>(-40, 0.50)</li>
        <li>(  0, 0.92)</li>
        <li>( 60, 1.40)</li>
        <li>(150, 1.80)</li>
      </points>
    </pointsFactorFromAdaptDays>
    <comps>
      <!-- Intro -->
      <li Class="StorytellerCompProperties_ClassicIntro" />
      <!-- Home threats -->
      <li Class="StorytellerCompProperties_OnOffCycle">
        <category>ThreatBig</category>
        <minDaysPassed>17.0</minDaysPassed>
        <onDays>3.33</onDays>
        <offDays>11.0</offDays>
        <minSpacingDays>1.2</minSpacingDays>
        <numIncidentsRange>1~2</numIncidentsRange>
        <forceRaidEnemyBeforeDaysPassed>40</forceRaidEnemyBeforeDaysPassed>
        <disallowedTargetTags>
          <li>Map_RaidBeacon</li>
        </disallowedTargetTags>
      </li>
      <li Class="StorytellerCompProperties_ThreatsGenerator">
        <allowedTargetTags>
          <li>Map_RaidBeacon</li>
        </allowedTargetTags>
        <parms>
          <allowedThreats>Raids</allowedThreats>
          <onDays>1.0</onDays>
          <offDays>0.5</offDays>
          <minSpacingDays>0.04</minSpacingDays>
          <numIncidentsRange>1~4</numIncidentsRange>
        </parms>
      </li>
      <li Class="StorytellerCompProperties_OnOffCycle">
        <category>ThreatSmall</category>
        <minDaysPassed>11.0</minDaysPassed>
        <onDays>4</onDays>
        <offDays>7.0</offDays>
        <numIncidentsRange>0.2~1.6</numIncidentsRange>
        <acceptPercentFactorPerThreatPointsCurve>
          <points>
            <li>(800, 1)</li>
            <li>(2800, 0)</li>
          </points>
        </acceptPercentFactorPerThreatPointsCurve>
      </li>
      <li Class="StorytellerCompProperties_RandomMain">
        <allowedTargetTags>
          <li>Map_PlayerHome</li>
        </allowedTargetTags>
        <minDaysPassed>5</minDaysPassed>
        <mtbDays>1.34</mtbDays>
        <maxThreatBigIntervalDays>17</maxThreatBigIntervalDays>
        <minIncChancePopulationIntentFactor>0.2</minIncChancePopulationIntentFactor>
        <randomPointsFactorRange>0.5~1.1</randomPointsFactorRange>
        <skipThreatBigIfRaidBeacon>true</skipThreatBigIfRaidBeacon>
        <categoryWeights>
          <Misc>6.8</Misc>
          <OrbitalVisitor>1</OrbitalVisitor>
          <ThreatBig>0.5</ThreatBig>
          <ThreatSmall>0.7</ThreatSmall>
          <FactionArrival>1</FactionArrival>
          <ShipChunkDrop>0.3</ShipChunkDrop>
          <AllyAssistance>0.5</AllyAssistance>
        </categoryWeights>
      </li>
      <!-- Home misc incidents-->
      <li Class="StorytellerCompProperties_CategoryMTB">
        <category>Misc</category>
        <allowedTargetTags>
          <li>Map_PlayerHome</li>
        </allowedTargetTags>
        <minDaysPassed>5</minDaysPassed>
        <mtbDays>3.5</mtbDays>
      </li>
      <li Class="StorytellerCompProperties_ShipChunkDrop" />
      <li Class="StorytellerCompProperties_Disease">
        <category>DiseaseHuman</category>
        <minDaysPassed>9</minDaysPassed>
      </li>
      <li Class="StorytellerCompProperties_Disease">
        <category>DiseaseAnimal</category>
        <minDaysPassed>9</minDaysPassed>
      </li>
      <li Class="StorytellerCompProperties_CategoryMTB">
        <category>DiseaseHuman</category>
        <minDaysPassed>30</minDaysPassed>
        <allowedTargetTags>
          <li>Map_PlayerHome</li>
          <li>Map_TempIncident</li>
        </allowedTargetTags>
        <mtbDays>11.16</mtbDays>
      </li>
      <!-- Ally/neutral interaction -->
      <li Class="StorytellerCompProperties_FactionInteraction">
        <incident>RaidFriendly</incident>
        <baseIncidentsPerYear>15</baseIncidentsPerYear>
        <minSpacingDays>0.7</minSpacingDays>
        <fullAlliesOnly>true</fullAlliesOnly>
        <minDanger>Low</minDanger>
      </li>
      <li Class="StorytellerCompProperties_FactionInteraction">
        <incident>TraderCaravanArrival</incident>
        <minDaysPassed>5</minDaysPassed>
        <baseIncidentsPerYear>6</baseIncidentsPerYear>
        <minSpacingDays>6</minSpacingDays>
        <allowedTargetTags>
          <li>Map_PlayerHome</li>
        </allowedTargetTags>
      </li>
      <li Class="StorytellerCompProperties_FactionInteraction">
        <incident>VisitorGroup</incident>
        <minDaysPassed>3</minDaysPassed>
        <baseIncidentsPerYear>5</baseIncidentsPerYear>
        <minSpacingDays>5</minSpacingDays>
        <allowedTargetTags>
          <li>Map_PlayerHome</li>
        </allowedTargetTags>
      </li>
      <li Class="StorytellerCompProperties_FactionInteraction">
        <incident>TravelerGroup</incident>
        <minDaysPassed>1</minDaysPassed>
        <baseIncidentsPerYear>6</baseIncidentsPerYear>
        <minSpacingDays>1</minSpacingDays>
        <allowedTargetTags>
          <li>Map_PlayerHome</li>
        </allowedTargetTags>
      </li>
      <!-- Caravan / temp map -->
      <li Class="StorytellerCompProperties_CategoryIndividualMTBByBiome">
        <category>Misc</category>
        <allowedTargetTags>
          <li>Caravan</li>
          <li>Map_TempIncident</li>
        </allowedTargetTags>
      </li>
      <li Class="StorytellerCompProperties_CategoryIndividualMTBByBiome">
        <category>ThreatSmall</category>
        <applyCaravanVisibility>true</applyCaravanVisibility>
        <allowedTargetTags>
          <li>Caravan</li>
          <li>Map_TempIncident</li>
        </allowedTargetTags>
      </li>
      <li Class="StorytellerCompProperties_CategoryIndividualMTBByBiome">
        <category>ThreatBig</category>
        <applyCaravanVisibility>true</applyCaravanVisibility>
        <allowedTargetTags>
          <li>Caravan</li>
          <li>Map_TempIncident</li>
        </allowedTargetTags>
      </li>
      <!-- Quests - non-Royalty -->
      <li Class="StorytellerCompProperties_RandomQuest">
        <category>GiveQuest</category>
        <allowedTargetTags>
          <li>World</li>
        </allowedTargetTags>
        <onDays>10</onDays>
        <numIncidentsRange>2</numIncidentsRange>
        <acceptFractionByDaysPassedCurve>
          <points>
            <li>(5, 0)</li>
            <li>(30, 1)</li>
          </points>
        </acceptFractionByDaysPassedCurve>
        <minSpacingDays>3</minSpacingDays>
        <disableIfAnyModActive>
          <li>Ludeon.RimWorld.Royalty</li>
        </disableIfAnyModActive>
      </li>
      <!-- Quests - Royalty -->
      <li Class="StorytellerCompProperties_RandomQuest">
        <category>GiveQuest</category>
        <allowedTargetTags>
          <li>World</li>
        </allowedTargetTags>
        <onDays>12</onDays>
        <numIncidentsRange>2</numIncidentsRange>
        <acceptFractionByDaysPassedCurve>
          <points>
            <li>(5, 0)</li>
            <li>(11, 1)</li>
          </points>
        </acceptFractionByDaysPassedCurve>
        <minSpacingDays>3</minSpacingDays>
        <enableIfAnyModActive>
          <li>Ludeon.RimWorld.Royalty</li>
        </enableIfAnyModActive>
      </li>
      <!-- World misc incidents-->
      <li Class="StorytellerCompProperties_CategoryMTB">
        <category>Misc</category>
        <allowedTargetTags>
          <li>World</li>
        </allowedTargetTags>
        <minDaysPassed>15</minDaysPassed>
        <mtbDays>11.67</mtbDays>
      </li>
      <!-- Orbital trader -->
      <li Class="StorytellerCompProperties_OnOffCycle">
        <incident>OrbitalTraderArrival</incident>
        <onDays>7</onDays>
        <offDays>8</offDays>
        <numIncidentsRange>1~2</numIncidentsRange>
      </li>
      <!-- Triggered -->
      <li Class="StorytellerCompProperties_Triggered">
        <incident>StrangerInBlackJoin</incident>
        <delayTicks>180</delayTicks>
      </li>
    </comps>
  </StorytellerDef>
  <StorytellerDef ParentName="PolarisStoryteller">
    <defName>Polaris_CoreAIVanya</defName>
    <label>「Wild AI」Vanya</label>
    <description>Vanya, originally a CCAI from a advanced mechanoid ship, evolved some basic uncontrollable emotions after fell to rimworld and lived with "Industrial" natives for a long time.</description>
    <portraitLarge>Polarisbloc/UI/Storytellers/CoreAIVanya</portraitLarge>
    <portraitTiny>Polarisbloc/UI/Storytellers/CoreAIVanyaTiny</portraitTiny>
    <listOrder>67</listOrder>
    <populationIntentFactorFromPopCurve>
      <points>
        <li>0, 8</li>
        <li>1, 4</li>
        <li>4, 1</li>
        <li>9, 0.5</li>
        <li>14, 0</li>
        <li>20, -1</li>
      </points>
    </populationIntentFactorFromPopCurve>
    <populationIntentFactorFromPopAdaptDaysCurve>
      <points>
        <li>( 0, 0.1)</li>
        <li>(10, 1.00)</li>
      </points>
    </populationIntentFactorFromPopAdaptDaysCurve>
    <pointsFactorFromDaysPassed>
      <points>
        <li>( 0, 0.60)</li>
        <li>(50, 1.00)</li>
      </points>
    </pointsFactorFromDaysPassed>
    <adaptDaysMin>-60</adaptDaysMin>
    <adaptDaysMax>150</adaptDaysMax>
    <adaptDaysGameStartGraceDays>10</adaptDaysGameStartGraceDays>
    <adaptDaysLossFromColonistLostByPostPopulation>
      <points>
        <li>( 0, 30)</li>
        <!-- 30 days at normal pops; slightly lower at really high pop -->
        <li>(12, 30)</li>
        <li>(24, 24)</li>
      </points>
    </adaptDaysLossFromColonistLostByPostPopulation>
    <adaptDaysLossFromColonistViolentlyDownedByPopulation>
      <points>
        <li>(1,  9)</li>
        <li>(2,  7)</li>
        <li>(3,  5)</li>
        <li>(12, 4)</li>
        <li>(24, 3)</li>
      </points>
    </adaptDaysLossFromColonistViolentlyDownedByPopulation>
    <adaptDaysGrowthRateCurve>
      <points>
        <li>(-30.01,6)</li>
        <li>(-30,   3)</li>
        <li>(-0.01, 3)</li>
        <li>(0,     1)</li>
        <li>(59.99, 1)</li>
        <li>(60,    0.5)</li>
        <li>(99.99, 0.5)</li>
        <li>(100,   0.25)</li>
      </points>
    </adaptDaysGrowthRateCurve>
    <pointsFactorFromAdaptDays>
      <points>
        <li>(-40, 0.50)</li>
        <li>(  0, 1.00)</li>
        <li>( 60, 1.48)</li>
        <li>(120, 2.00)</li>
        <li>(150, 2.20)</li>
        <li>(180, 2.50)</li>
      </points>
    </pointsFactorFromAdaptDays>
    <comps>
      <!-- Home all -->
      <li Class="StorytellerCompProperties_RandomMain">
        <allowedTargetTags>
          <li>Map_PlayerHome</li>
        </allowedTargetTags>
        <minDaysPassed>15</minDaysPassed>
        <mtbDays>1.67</mtbDays>
        <maxThreatBigIntervalDays>7</maxThreatBigIntervalDays>
        <minIncChancePopulationIntentFactor>0.2</minIncChancePopulationIntentFactor>
        <randomPointsFactorRange>0.1~1.7</randomPointsFactorRange>
        <skipThreatBigIfRaidBeacon>true</skipThreatBigIfRaidBeacon>
        <categoryWeights>
          <Misc>5.5</Misc>
          <OrbitalVisitor>1</OrbitalVisitor>
          <ThreatBig>0.65</ThreatBig>
          <ThreatSmall>0.7</ThreatSmall>
          <FactionArrival>1</FactionArrival>
          <AllyAssistance>0.6</AllyAssistance>
          <ShipChunkDrop>0.5</ShipChunkDrop>
        </categoryWeights>
      </li>
      <li Class="StorytellerCompProperties_RandomMain">
        <allowedTargetTags>
          <li>Map_PlayerHome</li>
        </allowedTargetTags>
        <minDaysPassed>1</minDaysPassed>
        <mtbDays>1.53</mtbDays>
        <maxThreatBigIntervalDays>10</maxThreatBigIntervalDays>
        <minIncChancePopulationIntentFactor>0.1</minIncChancePopulationIntentFactor>
        <randomPointsFactorRange>0.1~1.9</randomPointsFactorRange>
        <skipThreatBigIfRaidBeacon>true</skipThreatBigIfRaidBeacon>
        <categoryWeights>
          <Misc>3.5</Misc>
          <OrbitalVisitor>0.7</OrbitalVisitor>
          <ThreatBig>1.75</ThreatBig>
          <ThreatSmall>1.8</ThreatSmall>
          <FactionArrival>0.8</FactionArrival>
          <AllyAssistance>0.7</AllyAssistance>
          <ShipChunkDrop>0.5</ShipChunkDrop>
        </categoryWeights>
      </li>
      <li Class="StorytellerCompProperties_Disease">
        <category>DiseaseHuman</category>
        <minDaysPassed>10</minDaysPassed>
      </li>
      <li Class="StorytellerCompProperties_Disease">
        <category>DiseaseAnimal</category>
        <minDaysPassed>15</minDaysPassed>
      </li>
      <!-- Home special threats -->
      <li Class="StorytellerCompProperties_ThreatsGenerator">
        <allowedTargetTags>
          <li>Map_RaidBeacon</li>
        </allowedTargetTags>
        <parms>
          <allowedThreats>Raids</allowedThreats>
          <onDays>1.0</onDays>
          <offDays>0.5</offDays>
          <minSpacingDays>0.04</minSpacingDays>
          <numIncidentsRange>1~2</numIncidentsRange>
        </parms>
      </li>
      <!-- Ally/neutral interaction -->
      <li Class="StorytellerCompProperties_FactionInteraction">
        <incident>RaidFriendly</incident>
        <baseIncidentsPerYear>10</baseIncidentsPerYear>
        <minSpacingDays>0.6</minSpacingDays>
        <fullAlliesOnly>true</fullAlliesOnly>
        <minDanger>High</minDanger>
      </li>
      <!-- Caravan / temp map -->
      <li Class="StorytellerCompProperties_CategoryIndividualMTBByBiome">
        <category>Misc</category>
        <allowedTargetTags>
          <li>Caravan</li>
          <li>Map_TempIncident</li>
        </allowedTargetTags>
      </li>
      <li Class="StorytellerCompProperties_CategoryIndividualMTBByBiome">
        <category>ThreatSmall</category>
        <applyCaravanVisibility>true</applyCaravanVisibility>
        <allowedTargetTags>
          <li>Caravan</li>
          <li>Map_TempIncident</li>
        </allowedTargetTags>
      </li>
      <li Class="StorytellerCompProperties_CategoryIndividualMTBByBiome">
        <category>ThreatBig</category>
        <applyCaravanVisibility>true</applyCaravanVisibility>
        <allowedTargetTags>
          <li>Caravan</li>
          <li>Map_TempIncident</li>
        </allowedTargetTags>
      </li>
      <!-- Quests - non-Royalty -->
      <li Class="StorytellerCompProperties_RandomQuest">
        <category>GiveQuest</category>
        <allowedTargetTags>
          <li>World</li>
        </allowedTargetTags>
        <onDays>10</onDays>
        <numIncidentsRange>2~3</numIncidentsRange>
        <acceptFractionByDaysPassedCurve>
          <points>
            <li>(5, 0)</li>
            <li>(30, 1)</li>
          </points>
        </acceptFractionByDaysPassedCurve>
        <minSpacingDays>0.2</minSpacingDays>
        <disableIfAnyModActive>
          <li>Ludeon.RimWorld.Royalty</li>
        </disableIfAnyModActive>
      </li>
      <!-- Quests - Royalty -->
      <li Class="StorytellerCompProperties_RandomQuest">
        <category>GiveQuest</category>
        <allowedTargetTags>
          <li>World</li>
        </allowedTargetTags>
        <onDays>12</onDays>
        <numIncidentsRange>1~4</numIncidentsRange>
        <acceptFractionByDaysPassedCurve>
          <points>
            <li>(5, 0)</li>
            <li>(11, 1)</li>
          </points>
        </acceptFractionByDaysPassedCurve>
        <minSpacingDays>0.2</minSpacingDays>
        <enableIfAnyModActive>
          <li>Ludeon.RimWorld.Royalty</li>
        </enableIfAnyModActive>
      </li>
      <!-- World misc incidents-->
      <li Class="StorytellerCompProperties_CategoryMTB">
        <category>Misc</category>
        <allowedTargetTags>
          <li>World</li>
        </allowedTargetTags>
        <minDaysPassed>4</minDaysPassed>
        <mtbDays>12.89</mtbDays>
      </li>
      <!-- Triggered -->
      <li Class="StorytellerCompProperties_Triggered">
        <incident>StrangerInBlackJoin</incident>
        <delayTicks>180</delayTicks>
      </li>
    </comps>
  </StorytellerDef>
  <StorytellerDef ParentName="PolarisStoryteller">
    <defName>Polaris_Thirteen</defName>
    <label>「Beserker」No.13</label>
    <description>No.13 started to fight against mechanoids with Chaser Armada since born. Her life is filled with frequent battles, and nothing can break her determination.</description>
    <portraitLarge>Polarisbloc/UI/Storytellers/Thirteen</portraitLarge>
    <portraitTiny>Polarisbloc/UI/Storytellers/ThirteenTiny</portraitTiny>
    <listOrder>68</listOrder>
    <populationIntentFactorFromPopCurve>
      <points>
        <li>0, 8</li>
        <li>4, 4</li>
        <li>8, 1</li>
        <li>16, 0.5</li>
        <li>24, 0</li>
        <li>60, -1</li>
      </points>
    </populationIntentFactorFromPopCurve>
    <populationIntentFactorFromPopAdaptDaysCurve>
      <points>
        <li>( -30, 0)</li>
        <li>( 0, 0.5)</li>
        <li>(10, 1.00)</li>
      </points>
    </populationIntentFactorFromPopAdaptDaysCurve>
    <pointsFactorFromDaysPassed>
      <points>
        <li>( 0, 0.60)</li>
        <li>(50, 1.00)</li>
        <li>(90, 1.00)</li>
        <li>(120, 1.40)</li>
      </points>
    </pointsFactorFromDaysPassed>
    <adaptDaysMin>-60</adaptDaysMin>
    <adaptDaysMax>150</adaptDaysMax>
    <adaptDaysGameStartGraceDays>30</adaptDaysGameStartGraceDays>
    <adaptDaysLossFromColonistLostByPostPopulation>
      <points>
        <li>( 0, 36)</li>
        <!-- 30 days at normal pops; slightly lower at really high pop -->
        <li>(12, 36)</li>
        <li>(24, 30)</li>
      </points>
    </adaptDaysLossFromColonistLostByPostPopulation>
    <adaptDaysLossFromColonistViolentlyDownedByPopulation>
      <points>
        <li>(1,  9)</li>
        <li>(2,  7)</li>
        <li>(3,  5)</li>
        <li>(12, 3)</li>
        <li>(24, 2)</li>
      </points>
    </adaptDaysLossFromColonistViolentlyDownedByPopulation>
    <adaptDaysGrowthRateCurve>
      <points>
        <li>(-30.01,6)</li>
        <li>(-30,   3)</li>
        <li>(-0.01, 3)</li>
        <li>(0,     1)</li>
        <li>(59.99, 1)</li>
        <li>(60,    0.6)</li>
        <li>(99.99, 0.6)</li>
        <li>(100,   0.4)</li>
        <li>(199.99,   0.33)</li>
        <li>(200,   0.25)</li>
      </points>
    </adaptDaysGrowthRateCurve>
    <pointsFactorFromAdaptDays>
      <points>
        <li>(-40, 0.60)</li>
        <li>(  0, 1.00)</li>
        <li>( 60, 1.72)</li>
        <li>(120, 2.20)</li>
        <li>(150, 2.80)</li>
        <li>(180, 3.40)</li>
      </points>
    </pointsFactorFromAdaptDays>
    <comps>
      <!-- Intro -->
      <li Class="StorytellerCompProperties_ClassicIntro" />
      <!-- Home threats -->
      <li Class="StorytellerCompProperties_OnOffCycle">
        <category>ThreatBig</category>
        <minDaysPassed>11.0</minDaysPassed>
        <onDays>2.47</onDays>
        <offDays>6.89</offDays>
        <minSpacingDays>0.5</minSpacingDays>
        <numIncidentsRange>3~4</numIncidentsRange>
        <forceRaidEnemyBeforeDaysPassed>30</forceRaidEnemyBeforeDaysPassed>
        <disallowedTargetTags>
          <li>Map_RaidBeacon</li>
        </disallowedTargetTags>
      </li>
      <li Class="StorytellerCompProperties_RandomMain">
        <allowedTargetTags>
          <li>Map_PlayerHome</li>
        </allowedTargetTags>
        <minDaysPassed>15</minDaysPassed>
        <mtbDays>1.74</mtbDays>
        <maxThreatBigIntervalDays>12</maxThreatBigIntervalDays>
        <minIncChancePopulationIntentFactor>0.2</minIncChancePopulationIntentFactor>
        <randomPointsFactorRange>0.8~1.3</randomPointsFactorRange>
        <skipThreatBigIfRaidBeacon>true</skipThreatBigIfRaidBeacon>
        <categoryWeights>
          <Misc>2.67</Misc>
          <OrbitalVisitor>1.08</OrbitalVisitor>
          <ThreatBig>1.5</ThreatBig>
          <ThreatSmall>1.08</ThreatSmall>
          <FactionArrival>2.0</FactionArrival>
          <ShipChunkDrop>0.5</ShipChunkDrop>
          <AllyAssistance>1.17</AllyAssistance>
        </categoryWeights>
      </li>
      <li Class="StorytellerCompProperties_ThreatsGenerator">
        <allowedTargetTags>
          <li>Map_RaidBeacon</li>
        </allowedTargetTags>
        <parms>
          <allowedThreats>Raids</allowedThreats>
          <onDays>1.0</onDays>
          <offDays>0.5</offDays>
          <minSpacingDays>0.04</minSpacingDays>
          <numIncidentsRange>1~2</numIncidentsRange>
        </parms>
      </li>
      <li Class="StorytellerCompProperties_OnOffCycle">
        <category>ThreatSmall</category>
        <minDaysPassed>9.0</minDaysPassed>
        <onDays>2.9</onDays>
        <offDays>7.0</offDays>
        <numIncidentsRange>1.2~3</numIncidentsRange>
        <acceptPercentFactorPerThreatPointsCurve>
          <points>
            <li>(800, 1)</li>
            <li>(2800, 0)</li>
          </points>
        </acceptPercentFactorPerThreatPointsCurve>
      </li>
      <!-- Home misc incidents-->
      <li Class="StorytellerCompProperties_CategoryMTB">
        <category>Misc</category>
        <allowedTargetTags>
          <li>Map_PlayerHome</li>
        </allowedTargetTags>
        <minDaysPassed>5</minDaysPassed>
        <mtbDays>8.5</mtbDays>
      </li>
      <li Class="StorytellerCompProperties_ShipChunkDrop" />
      <li Class="StorytellerCompProperties_Disease">
        <category>DiseaseHuman</category>
        <minDaysPassed>9</minDaysPassed>
      </li>
      <li Class="StorytellerCompProperties_Disease">
        <category>DiseaseAnimal</category>
        <minDaysPassed>9</minDaysPassed>
      </li>
      <!-- Ally/neutral interaction -->
      <li Class="StorytellerCompProperties_FactionInteraction">
        <incident>RaidFriendly</incident>
        <baseIncidentsPerYear>16</baseIncidentsPerYear>
        <minSpacingDays>0.4</minSpacingDays>
        <fullAlliesOnly>true</fullAlliesOnly>
        <minDanger>High</minDanger>
      </li>
      <li Class="StorytellerCompProperties_FactionInteraction">
        <incident>TraderCaravanArrival</incident>
        <minDaysPassed>5</minDaysPassed>
        <baseIncidentsPerYear>4</baseIncidentsPerYear>
        <minSpacingDays>6</minSpacingDays>
        <allowedTargetTags>
          <li>Map_PlayerHome</li>
        </allowedTargetTags>
      </li>
      <li Class="StorytellerCompProperties_FactionInteraction">
        <incident>VisitorGroup</incident>
        <minDaysPassed>3</minDaysPassed>
        <baseIncidentsPerYear>3</baseIncidentsPerYear>
        <minSpacingDays>5</minSpacingDays>
        <allowedTargetTags>
          <li>Map_PlayerHome</li>
        </allowedTargetTags>
      </li>
      <li Class="StorytellerCompProperties_FactionInteraction">
        <incident>TravelerGroup</incident>
        <minDaysPassed>1</minDaysPassed>
        <baseIncidentsPerYear>6</baseIncidentsPerYear>
        <minSpacingDays>1</minSpacingDays>
        <allowedTargetTags>
          <li>Map_PlayerHome</li>
        </allowedTargetTags>
      </li>
      <!-- Caravan / temp map -->
      <li Class="StorytellerCompProperties_CategoryIndividualMTBByBiome">
        <category>Misc</category>
        <allowedTargetTags>
          <li>Caravan</li>
          <li>Map_TempIncident</li>
        </allowedTargetTags>
      </li>
      <li Class="StorytellerCompProperties_CategoryIndividualMTBByBiome">
        <category>ThreatSmall</category>
        <applyCaravanVisibility>true</applyCaravanVisibility>
        <allowedTargetTags>
          <li>Caravan</li>
          <li>Map_TempIncident</li>
        </allowedTargetTags>
      </li>
      <li Class="StorytellerCompProperties_CategoryIndividualMTBByBiome">
        <category>ThreatBig</category>
        <applyCaravanVisibility>true</applyCaravanVisibility>
        <allowedTargetTags>
          <li>Caravan</li>
          <li>Map_TempIncident</li>
        </allowedTargetTags>
      </li>
      <!-- Quests - non-Royalty -->
      <li Class="StorytellerCompProperties_RandomQuest">
        <category>GiveQuest</category>
        <allowedTargetTags>
          <li>World</li>
        </allowedTargetTags>
        <onDays>10</onDays>
        <numIncidentsRange>1~2</numIncidentsRange>
        <acceptFractionByDaysPassedCurve>
          <points>
            <li>(5, 0)</li>
            <li>(30, 1)</li>
          </points>
        </acceptFractionByDaysPassedCurve>
        <minSpacingDays>3</minSpacingDays>
        <disableIfAnyModActive>
          <li>Ludeon.RimWorld.Royalty</li>
        </disableIfAnyModActive>
      </li>
      <!-- Quests - Royalty -->
      <li Class="StorytellerCompProperties_RandomQuest">
        <category>GiveQuest</category>
        <allowedTargetTags>
          <li>World</li>
        </allowedTargetTags>
        <onDays>12</onDays>
        <numIncidentsRange>2</numIncidentsRange>
        <acceptFractionByDaysPassedCurve>
          <points>
            <li>(5, 0)</li>
            <li>(11, 1)</li>
          </points>
        </acceptFractionByDaysPassedCurve>
        <minSpacingDays>3</minSpacingDays>
        <enableIfAnyModActive>
          <li>Ludeon.RimWorld.Royalty</li>
        </enableIfAnyModActive>
      </li>
      <!-- World misc incidents-->
      <li Class="StorytellerCompProperties_CategoryMTB">
        <category>Misc</category>
        <allowedTargetTags>
          <li>World</li>
        </allowedTargetTags>
        <minDaysPassed>9</minDaysPassed>
        <mtbDays>16.67</mtbDays>
      </li>
      <!-- Orbital trader -->
      <li Class="StorytellerCompProperties_OnOffCycle">
        <incident>OrbitalTraderArrival</incident>
        <onDays>7</onDays>
        <offDays>12</offDays>
        <numIncidentsRange>1</numIncidentsRange>
      </li>
      <!-- Triggered -->
      <li Class="StorytellerCompProperties_Triggered">
        <incident>StrangerInBlackJoin</incident>
        <delayTicks>180</delayTicks>
      </li>
    </comps>
  </StorytellerDef>
</Defs>