﻿<?xml version="1.0" encoding="utf-8"?>
<Defs>
  <!--base-->
  <ResearchProjectDef>
    <tab>Polarisbloc</tab>
    <defName>PolarisSecretArchives</defName>
    <label>polarisbloc archives copy</label>
    <description>Some special test records were learned from Polarisbloc, maybe it will help us.</description>
    <baseCost>1850</baseCost>
    <techLevel>Ultra</techLevel>
    <researchViewX>0</researchViewX>
    <researchViewY>1.5</researchViewY>
    <requiredResearchBuilding>HiTechResearchBench</requiredResearchBuilding>
    <prerequisites>
      <li>MicroelectronicsBasics</li>
    </prerequisites>
  </ResearchProjectDef>
  <!--medicines-->
  <ResearchProjectDef>
    <tab>Polarisbloc</tab>
    <defName>PolarisDrugFormula</defName>
    <label>drug formula</label>
    <description>This project has records on how to make some medicines.</description>
    <baseCost>850</baseCost>
    <techLevel>Industrial</techLevel>
    <prerequisites>
      <li>PolarisSecretArchives</li>
    </prerequisites>
    <researchViewX>1</researchViewX>
    <researchViewY>0.75</researchViewY>
    <requiredResearchBuilding>HiTechResearchBench</requiredResearchBuilding>
  </ResearchProjectDef>
  <ResearchProjectDef>
    <tab>Polarisbloc</tab>
    <defName>PolarisAntibioticProduction</defName>
    <label>antibiotic production</label>
    <description>Learn to produce the combined antibiotic.</description>
    <baseCost>900</baseCost>
    <techLevel>Industrial</techLevel>
    <prerequisites>
      <li>PolarisDrugFormula</li>
      <li>PenoxycylineProduction</li>
    </prerequisites>
    <researchViewX>2</researchViewX>
    <researchViewY>0</researchViewY>
    <requiredResearchBuilding>HiTechResearchBench</requiredResearchBuilding>
  </ResearchProjectDef>
  <ResearchProjectDef>
    <tab>Polarisbloc</tab>
    <defName>PolarisHealingPotionProduction</defName>
    <label>healing potion production</label>
    <description>Learn to produce the healing potion.</description>
    <baseCost>1150</baseCost>
    <techLevel>Industrial</techLevel>
    <prerequisites>
      <li>PolarisDrugFormula</li>
      <li>MedicineProduction</li>
    </prerequisites>
    <researchViewX>2</researchViewX>
    <researchViewY>0.75</researchViewY>
    <requiredResearchBuilding>HiTechResearchBench</requiredResearchBuilding>
  </ResearchProjectDef>
  <ResearchProjectDef>
    <tab>Polarisbloc</tab>
    <defName>PolarisReceptorAntagonistProduction</defName>
    <label>receptor antagonist production</label>
    <description>Learn how to produce the receptor antagonist.\This is a drug that blocks drugs needs by binding to and blocking any drugs receptor rather than activating it like an agonist. So this drug will satisfy chemical needs, and ease the drug addiction at the same time.</description>
    <baseCost>950</baseCost>
    <techLevel>Spacer</techLevel>
    <prerequisites>
      <li>PolarisDrugFormula</li>
      <li>PenoxycylineProduction</li>
    </prerequisites>
    <researchViewX>3</researchViewX>
    <researchViewY>0</researchViewY>
    <requiredResearchBuilding>HiTechResearchBench</requiredResearchBuilding>
  </ResearchProjectDef>
  <!--surgical program-->
  <ResearchProjectDef>
    <tab>Polarisbloc</tab>
    <defName>PolarisSurgicalProgram</defName>
    <label>surgical program</label>
    <description>This project recorded some special surgeries.</description>
    <baseCost>550</baseCost>
    <techLevel>Spacer</techLevel>
    <prerequisites>
      <li>PolarisSecretArchives</li>
    </prerequisites>
    <researchViewX>4</researchViewX>
    <researchViewY>1.5</researchViewY>
    <requiredResearchBuilding>HiTechResearchBench</requiredResearchBuilding>
  </ResearchProjectDef>
  <ResearchProjectDef>
    <tab>Polarisbloc</tab>
    <defName>PolarisTransGenderSurgery</defName>
    <label>trans gender surgery</label>
    <description>Learn how to perform trans gender surgery.</description>
    <baseCost>800</baseCost>
    <techLevel>Industrial</techLevel>
    <prerequisites>
      <li>PolarisSurgicalProgram</li>
      <li>HospitalBed</li>
    </prerequisites>
    <researchViewX>5</researchViewX>
    <researchViewY>0</researchViewY>
    <requiredResearchBuilding>HiTechResearchBench</requiredResearchBuilding>
  </ResearchProjectDef>
  <ResearchProjectDef>
    <tab>Polarisbloc</tab>
    <defName>PolarisCureScarsSurgery</defName>
    <label>cure scars</label>
    <description>Learn how to cure scars and old wounds.</description>
    <baseCost>900</baseCost>
    <techLevel>Spacer</techLevel>
    <prerequisites>
      <li>PolarisSurgicalProgram</li>
      <li>MedicineProduction</li>
    </prerequisites>
    <researchViewX>5</researchViewX>
    <researchViewY>0.75</researchViewY>
    <requiredResearchBuilding>HiTechResearchBench</requiredResearchBuilding>
  </ResearchProjectDef>
  <ResearchProjectDef>
    <tab>Polarisbloc</tab>
    <defName>PolarisRestoreMissingPartSurgery</defName>
    <label>restore missing body part</label>
    <description>Learn how to restore a missing body part, organ or bone.</description>
    <baseCost>1000</baseCost>
    <techLevel>Ultra</techLevel>
    <prerequisites>
      <li>PolarisCureScarsSurgery</li>
    </prerequisites>
    <researchViewX>6</researchViewX>
    <researchViewY>0.75</researchViewY>
    <requiredResearchBuilding>HiTechResearchBench</requiredResearchBuilding>
  </ResearchProjectDef>
  <ResearchProjectDef>
    <tab>Polarisbloc</tab>
    <defName>PolarisLongevityResearch</defName>
    <label>longevity research</label>
    <description>Learn how to manipulate cells biological age. With this knowledge, manipulate the biological age of any living creature via a complex yet simple surgery.</description>
    <baseCost>1180</baseCost>
    <techLevel>Spacer</techLevel>
    <prerequisites>
      <li>PolarisSurgicalProgram</li>
      <li>VitalsMonitor</li>
    </prerequisites>
    <researchViewX>5</researchViewX>
    <researchViewY>1.5</researchViewY>
    <requiredResearchBuilding>HiTechResearchBench</requiredResearchBuilding>
    <requiredResearchFacilities>
      <li>MultiAnalyzer</li>
    </requiredResearchFacilities>
  </ResearchProjectDef>
  <ResearchProjectDef>
    <tab>Polarisbloc</tab>
    <defName>PolarisRemoveImplants</defName>
    <label>implants remove</label>
    <description>Learn how to remove implants in human's body.</description>
    <baseCost>630</baseCost>
    <techLevel>Spacer</techLevel>
    <prerequisites>
      <li>PolarisSurgicalProgram</li>
    </prerequisites>
    <researchViewX>5</researchViewX>
    <researchViewY>2.25</researchViewY>
    <requiredResearchBuilding>HiTechResearchBench</requiredResearchBuilding>
    <requiredResearchFacilities>
      <li>MultiAnalyzer</li>
    </requiredResearchFacilities>
  </ResearchProjectDef>
  <ResearchProjectDef>
    <tab>Polarisbloc</tab>
    <defName>PolarisPsionwire</defName>
    <label>psionwire</label>
    <description>Learn how to make psionwire.</description>
    <baseCost>780</baseCost>
    <techLevel>Spacer</techLevel>
    <prerequisites>
      <li>PolarisSurgicalProgram</li>
    </prerequisites>
    <researchViewX>5</researchViewX>
    <researchViewY>3</researchViewY>
    <requiredResearchBuilding>HiTechResearchBench</requiredResearchBuilding>
    <requiredResearchFacilities>
      <li>MultiAnalyzer</li>
    </requiredResearchFacilities>
  </ResearchProjectDef>
  <!--special device-->
  <ResearchProjectDef>
    <tab>Polarisbloc</tab>
    <defName>PolarisSpecialDevice</defName>
    <label>special device</label>
    <description>This project recorded some special devices.</description>
    <baseCost>800</baseCost>
    <techLevel>Spacer</techLevel>
    <prerequisites>
      <li>PolarisSecretArchives</li>
    </prerequisites>
    <researchViewX>1</researchViewX>
    <researchViewY>2.25</researchViewY>
    <requiredResearchBuilding>HiTechResearchBench</requiredResearchBuilding>
  </ResearchProjectDef>
  <ResearchProjectDef>
    <tab>Polarisbloc</tab>
    <defName>PolarisLyraeCurer</defName>
    <label>lyrae curer</label>
    <description>Learn how to build a curer to tend pawns near the curer.</description>
    <baseCost>980</baseCost>
    <techLevel>Spacer</techLevel>
    <prerequisites>
      <li>PolarisSpecialDevice</li>
      <li>MedicineProduction</li>
    </prerequisites>
    <researchViewX>2</researchViewX>
    <researchViewY>2.25</researchViewY>
    <requiredResearchBuilding>HiTechResearchBench</requiredResearchBuilding>
    <requiredResearchFacilities>
      <li>MultiAnalyzer</li>
    </requiredResearchFacilities>
  </ResearchProjectDef>
  <ResearchProjectDef>
    <tab>Polarisbloc</tab>
    <defName>PolarisThermostat</defName>
    <label>thermostat</label>
    <description>Learn how to build a polarisbloc thermostat.</description>
    <baseCost>650</baseCost>
    <techLevel>Spacer</techLevel>
    <prerequisites>
      <li>PolarisSpecialDevice</li>
      <li>AirConditioning</li>
    </prerequisites>
    <researchViewX>2</researchViewX>
    <researchViewY>3</researchViewY>
    <requiredResearchBuilding>HiTechResearchBench</requiredResearchBuilding>
  </ResearchProjectDef>
  <ResearchProjectDef>
    <tab>Polarisbloc</tab>
    <defName>PolarisTraitreleaserProduction</defName>
    <label>traitreleaser production</label>
    <description>Learn to product traitreleaser mech serum.A one-use super-dose of mechanites tuned to gain a specific trait.\n\nYou could product traitreleaser on drug lab.</description>
    <baseCost>1200</baseCost>
    <techLevel>Ultra</techLevel>
    <prerequisites>
      <li>PolarisSpecialDevice</li>
      <li>Cryptosleep</li>
    </prerequisites>
    <researchViewX>3</researchViewX>
    <researchViewY>2.25</researchViewY>
    <requiredResearchBuilding>HiTechResearchBench</requiredResearchBuilding>
    <requiredResearchFacilities>
      <li>MultiAnalyzer</li>
    </requiredResearchFacilities>
  </ResearchProjectDef>
  <ResearchProjectDef>
    <tab>Polarisbloc</tab>
    <defName>PolarisMendingShelf</defName>
    <label>mending shelf</label>
    <description>Learn to build a special shelf to mend some damaged items</description>
    <baseCost>870</baseCost>
    <techLevel>Ultra</techLevel>
    <prerequisites>
      <li>PolarisSpecialDevice</li>
      <li>ComplexFurniture</li>
    </prerequisites>
    <researchViewX>3</researchViewX>
    <researchViewY>3</researchViewY>
    <requiredResearchBuilding>HiTechResearchBench</requiredResearchBuilding>
    <requiredResearchFacilities>
      <li>MultiAnalyzer</li>
    </requiredResearchFacilities>
  </ResearchProjectDef>
  <!--cant research-->
  <ResearchProjectDef>
    <tab>Polarisbloc</tab>
    <defName>ResearchProject_PolarisCartridge</defName>
    <label>cartridge</label>
    <description>The cartridge will resurrect the wearer if they ever die. So, is life equal? Is it really good to exchange one's life for another person's life?\n(This is a thing gained by surgery.)\n\nTip:You can only get this technology by unscrambling Bondorudo's diary.</description>
    <baseCost>2000</baseCost>
    <techLevel>Ultra</techLevel>
    <researchViewX>0</researchViewX>
    <researchViewY>5</researchViewY>
    <requiredResearchBuilding>HiTechResearchBench</requiredResearchBuilding>
    <requiredResearchFacilities>
      <li>PolarisWhiteFlute</li>
    </requiredResearchFacilities>
  </ResearchProjectDef>
</Defs>