﻿<?xml version="1.0" encoding="utf-8"?>
<Defs>
  <PawnKindDef>
    <defName>VanyaPK_DroidAlpha</defName>
    <label>Alpha-Self Explode Droid</label>
    <race>Vanya_DroidAlpha</race>
    <combatPower>103</combatPower>
    <defaultFactionType>Vanya_AdvMechanoid</defaultFactionType>
    <aiAvoidCover>true</aiAvoidCover>
    <itemQuality>Good</itemQuality>
    <lifeStages>
      <li>
        <bodyGraphicData>
          <texPath>Vanya/Things/Pawn/Mechanoid/VanyaPK_DroidAlpha</texPath>
          <graphicClass>Graphic_Multi</graphicClass>
          <drawSize>0.8</drawSize>
          <shadowData>
            <volume>(0.4, 0.4, 0.4)</volume>
          </shadowData>
        </bodyGraphicData>
      </li>
    </lifeStages>
    <weaponMoney>
      <min>1000</min>
      <max>6000</max>
    </weaponMoney>
    <weaponTags>
      <li>MTVGrenade</li>
    </weaponTags>
  </PawnKindDef>
  <PawnKindDef>
    <defName>VanyaPK_DroidBeta</defName>
    <label>Beta-Humanoid</label>
    <race>Vanya_DroidBeta</race>
    <combatPower>172</combatPower>
    <defaultFactionType>Vanya_AdvMechanoid</defaultFactionType>
    <aiAvoidCover>true</aiAvoidCover>
    <itemQuality>Good</itemQuality>
    <lifeStages>
      <li>
        <bodyGraphicData>
          <texPath>Vanya/Things/Pawn/Mechanoid/VanyaPK_DroidBeta</texPath>
          <graphicClass>Graphic_Multi</graphicClass>
          <drawSize>2.2</drawSize>
          <shadowData>
            <volume>(0.3, 0.6, 0.3)</volume>
          </shadowData>
        </bodyGraphicData>
      </li>
    </lifeStages>
    <weaponMoney>
      <min>3000</min>
      <max>16000</max>
    </weaponMoney>
    <weaponTags>
      <li>MTVMelee</li>
      <li>MTVMechGunA</li>
    </weaponTags>
    <isFighter>true</isFighter>
  </PawnKindDef>
  <PawnKindDef>
    <defName>VanyaPK_DroidBetaEX</defName>
    <label>Beta-2-Heavy Armor Humanoid</label>
    <race>Vanya_DroidBetaEX</race>
    <combatPower>204</combatPower>
    <defaultFactionType>Vanya_AdvMechanoid</defaultFactionType>
    <aiAvoidCover>true</aiAvoidCover>
    <itemQuality>Good</itemQuality>
    <lifeStages>
      <li>
        <bodyGraphicData>
          <texPath>Vanya/Things/Pawn/Mechanoid/VanyaPK_DroidBetaEX</texPath>
          <graphicClass>Graphic_Multi</graphicClass>
          <drawSize>2.2</drawSize>
          <shadowData>
            <volume>(0.3, 0.6, 0.3)</volume>
          </shadowData>
        </bodyGraphicData>
      </li>
    </lifeStages>
    <weaponMoney>
      <min>4000</min>
      <max>22000</max>
    </weaponMoney>
    <weaponTags>
      <li>MTVMechGunA</li>
      <li>MTVMechGunB</li>
    </weaponTags>
    <isFighter>false</isFighter>
  </PawnKindDef>
  <PawnKindDef>
    <defName>VanyaPK_DroidGamma</defName>
    <label>Gamma-Wolf Droid</label>
    <race>Vanya_DroidGamma</race>
    <combatPower>188</combatPower>
    <defaultFactionType>Vanya_AdvMechanoid</defaultFactionType>
    <aiAvoidCover>true</aiAvoidCover>
    <itemQuality>Good</itemQuality>
    <lifeStages>
      <li>
        <bodyGraphicData>
          <texPath>Vanya/Things/Pawn/Mechanoid/VanyaPK_DroidGamma</texPath>
          <graphicClass>Graphic_Multi</graphicClass>
          <drawSize>2.2</drawSize>
          <shadowData>
            <volume>(0.3, 0.6, 0.3)</volume>
          </shadowData>
        </bodyGraphicData>
      </li>
    </lifeStages>
    <weaponMoney>
      <min>4000</min>
      <max>16000</max>
    </weaponMoney>
    <weaponTags>
      <li>MTVMechGunC</li>
    </weaponTags>
    <isFighter>true</isFighter>
  </PawnKindDef>
  <PawnKindDef>
    <defName>VanyaPK_DroidGammaEX</defName>
    <label>Gamma-2-Heavy Armor Wolf Droid</label>
    <race>Vanya_DroidGammaEX</race>
    <combatPower>248</combatPower>
    <defaultFactionType>Vanya_AdvMechanoid</defaultFactionType>
    <aiAvoidCover>true</aiAvoidCover>
    <itemQuality>Good</itemQuality>
    <lifeStages>
      <li>
        <bodyGraphicData>
          <texPath>Vanya/Things/Pawn/Mechanoid/VanyaPK_DroidGammaEX</texPath>
          <graphicClass>Graphic_Multi</graphicClass>
          <drawSize>2.2</drawSize>
          <shadowData>
            <volume>(0.3, 0.6, 0.3)</volume>
          </shadowData>
        </bodyGraphicData>
      </li>
    </lifeStages>
    <weaponMoney>
      <min>4000</min>
      <max>16000</max>
    </weaponMoney>
    <weaponTags>
      <li>MTVMechGunD</li>
    </weaponTags>
    <isFighter>false</isFighter>
  </PawnKindDef>
  <PawnKindDef>
    <defName>VanyaPK_DroidRuler</defName>
    <label>Inquisitor</label>
    <race>Vanya_DroidRuler</race>
    <combatPower>888</combatPower>
    <defaultFactionType>Vanya_AdvMechanoid</defaultFactionType>
    <aiAvoidCover>true</aiAvoidCover>
    <itemQuality>Good</itemQuality>
    <lifeStages>
      <li>
        <bodyGraphicData>
          <texPath>Vanya/Things/Pawn/Mechanoid/VanyaPK_DroidRuler</texPath>
          <graphicClass>Graphic_Multi</graphicClass>
          <drawSize>2</drawSize>
          <shadowData>
            <volume>(0.3, 0.6, 0.3)</volume>
          </shadowData>
        </bodyGraphicData>
        <butcherBodyPart>
          <bodyPartGroup>Vanya_ConsciousnessCube</bodyPartGroup>
          <thing>Vanya_ConsciousnessCube</thing>
        </butcherBodyPart>
      </li>
    </lifeStages>
    <weaponMoney>
      <min>6000</min>
      <max>30000</max>
    </weaponMoney>
    <weaponTags>
      <li>MTVMechSniper</li>
    </weaponTags>
    <isFighter>false</isFighter>
    <!--<biocodeWeaponChance>1</biocodeWeaponChance>-->
  </PawnKindDef>
  <PawnKindDef>
    <defName>VanyaPK_DroidFortress</defName>
    <label>Bastion</label>
    <race>Vanya_DroidFortress</race>
    <combatPower>998</combatPower>
    <defaultFactionType>Vanya_AdvMechanoid</defaultFactionType>
    <aiAvoidCover>true</aiAvoidCover>
    <itemQuality>Good</itemQuality>
    <lifeStages>
      <li>
        <bodyGraphicData>
          <texPath>Vanya/Things/Pawn/Mechanoid/VanyaPK_DroidFortress</texPath>
          <graphicClass>Graphic_Multi</graphicClass>
          <drawSize>4</drawSize>
          <shadowData>
            <volume>(0.3, 0.6, 0.3)</volume>
          </shadowData>
        </bodyGraphicData>
        <butcherBodyPart>
          <bodyPartGroup>Vanya_DroidPowerCore</bodyPartGroup>
          <thing>Vanya_StabPowerCore</thing>
        </butcherBodyPart>
      </li>
    </lifeStages>
    <weaponMoney>
      <min>6000</min>
      <max>30000</max>
    </weaponMoney>
    <weaponTags>
      <li>MTVMechRocket</li>
    </weaponTags>
    <isFighter>false</isFighter>
  </PawnKindDef>
</Defs>