﻿<?xml version="1.0" encoding="utf-8"?>
<Defs>
  <QuestScriptDef>
    <defName>Polaris_Quest_TradeShipPodCrash</defName>
    <rootSelectionWeight>0.2</rootSelectionWeight>
    <rootMinPoints>0</rootMinPoints>
    <autoAccept>true</autoAccept>
    <questNameRules>
      <rulesStrings>
        <li>questName(priority=1)-&gt;[asker_nameDef]'s [message] of [treasure]</li>
        <li>questName-&gt;[message] of [treasure]</li>
        <li>message-&gt;Message</li>
        <li>message-&gt;Letter</li>
        <li>message-&gt;News</li>
        <li>message-&gt;Secret</li>
        <li>treasure-&gt;Treasure</li>
        <li>treasure-&gt;Obital ship</li>
        <li>treasure-&gt;Crashed</li>
        <li>treasure-&gt;Opportunity</li>
        <li>treasure-&gt;Deposits</li>
      </rulesStrings>
    </questNameRules>
    <questDescriptionRules>
      <rulesStrings>
        <!-- No asker -->
        <li>questDescription(askerIsNull==true)-&gt;We've intercepted messages about a collection of valuable items worth [itemStashContentsValue] not far from [map_definite].of a trade ship crashed not far from us.We can go there to get the cargo hold of the ship. The collection consists of:\n\n[itemStashContents]\n\nIt seems that [allSitePartsDescriptionsExceptFirst]</li>
        <!-- Faction leader asker -->
        <li>questDescription(asker_factionLeader==True)-&gt;[asker_label], [asker_faction_leaderTitle] of [asker_faction_name], has informed us of a trade ship crashed not far from us.We can go there to get the cargo hold of the ship. items worth [itemStashContentsValue] not far from us. The collection consists of:\n\n[itemStashContents]\n\n[asker_label] says that [allSitePartsDescriptionsExceptFirst]</li>
      </rulesStrings>
    </questDescriptionRules>
    <root Class="QuestNode_Sequence">
      <nodes>
        <li Class="QuestNode_SubScript">
          <def>Util_RandomizePointsChallengeRating</def>
          <parms>
            <pointsFactorTwoStar>1.5</pointsFactorTwoStar>
            <pointsFactorThreeStar>2</pointsFactorThreeStar>
          </parms>
        </li>
        <li Class="QuestNode_SubScript">
          <def>Util_GetDefaultRewardValueFromPoints</def>
        </li>
        <li Class="QuestNode_SubScript">
          <def>Util_AdjustPointsForDistantFight</def>
        </li>
        <li Class="QuestNode_GetMap" />
        <li Class="QuestNode_IsSet">
          <name>asker</name>
          <elseNode Class="QuestNode_RandomNode">
            <nodes>
              <li Class="QuestNode_Set">
                <name>askerIsNull</name>
                <value>true</value>
                <selectionWeight>0.4</selectionWeight>
              </li>
              <li Class="QuestNode_GetPawn">
                <storeAs>asker</storeAs>
                <mustBeFactionLeader>true</mustBeFactionLeader>
                <mustBeNonHostileToPlayer>true</mustBeNonHostileToPlayer>
                <selectionWeight>0.6</selectionWeight>
              </li>
            </nodes>
          </elseNode>
        </li>
        <li Class="QuestNode_GetSiteTile">
          <storeAs>siteTile</storeAs>
          <preferCloserTiles>true</preferCloserTiles>
        </li>
        <li Class="QuestNode_ViolentQuestsAllowed">
          <node Class="QuestNode_Set">
            <name>siteThreatChance</name>
            <value>0.65</value>
          </node>
          <elseNode Class="QuestNode_Set">
            <name>siteThreatChance</name>
            <value>0</value>
          </elseNode>
        </li>
        <li Class="QuestNode_GetSitePartDefsByTagsAndFaction">
          <storeAs>sitePartDefs</storeAs>
          <storeFactionAs>siteFaction</storeFactionAs>
          <sitePartsTags>
            <li>
              <tag>ItemStash</tag>
            </li>
            <li>
              <tag>ItemStashQuestThreat</tag>
              <chance>$siteThreatChance</chance>
            </li>
          </sitePartsTags>
        </li>
        <li Class="QuestNode_GetDefaultSitePartsParams">
          <tile>$siteTile</tile>
          <faction>$siteFaction</faction>
          <sitePartDefs>Polaris_TradeShipPodCrashSite</sitePartDefs>
          <storeSitePartsParamsAs>sitePartsParams</storeSitePartsParamsAs>
        </li>
        <li Class="QuestNode_SubScript">
          <def>Util_GenerateSite</def>
          <parms>
            <hiddenSitePartsPossible>true</hiddenSitePartsPossible>
          </parms>
        </li>
        <li Class="QuestNode_SpawnWorldObjects">
          <worldObjects>$site</worldObjects>
        </li>
        <li Class="QuestNode_WorldObjectTimeout">
          <worldObject>$site</worldObject>
          <isQuestTimeout>true</isQuestTimeout>
          <delayTicks>$(randInt(12,28)*60000)</delayTicks>
          <inSignalDisable>site.MapGenerated</inSignalDisable>
          <node Class="QuestNode_Sequence">
            <nodes>
              <li Class="QuestNode_Letter">
                <label>Quest expired: [resolvedQuestName]</label>
                <text>Intercepted communications indicate the item stash has been claimed by others. The quest [resolvedQuestName] has expired.</text>
              </li>
              <li Class="QuestNode_End">
                <outcome>Fail</outcome>
              </li>
            </nodes>
          </node>
        </li>
        <li Class="QuestNode_NoWorldObject">
          <worldObject>$site</worldObject>
          <node Class="QuestNode_End"></node>
        </li>
      </nodes>
    </root>
  </QuestScriptDef>
</Defs>