﻿<?xml version="1.0" encoding="utf-8"?>
<Defs>
  <ThingDef Name="PolarisApparelBase" Abstract="True">
    <thingClass>Apparel</thingClass>
    <category>Item</category>
    <selectable>True</selectable>
    <pathCost>10</pathCost>
    <useHitPoints>True</useHitPoints>
    <techLevel>Medieval</techLevel>
    <graphicData>
      <onGroundRandomRotateAngle>35</onGroundRandomRotateAngle>
    </graphicData>
    <drawGUIOverlay>true</drawGUIOverlay>
    <statBases>
      <MaxHitPoints>100</MaxHitPoints>
      <Flammability>1.0</Flammability>
      <DeteriorationRate>2</DeteriorationRate>
      <Beauty>-4</Beauty>
      <SellPriceFactor>0.70</SellPriceFactor>
    </statBases>
    <altitudeLayer>Item</altitudeLayer>
    <alwaysHaulable>True</alwaysHaulable>
    <tickerType>Never</tickerType>
    <comps>
      <li Class="CompProperties_Forbiddable" />
      <li>
        <compClass>CompQuality</compClass>
      </li>
    </comps>
  </ThingDef>
  <ThingDef ParentName="PolarisApparelBase">
    <defName>Apparel_PolarisShieldBelt_II</defName>
    <label>polaris - II shield belt</label>
    <description>The publicly available version of the Polaris shield belt has limited performance. The improved energy radiation method enables the wearer to use the gun to attack externally and provide protection when attacked at close quarters.</description>
    <thingClass>Polarisbloc.PolarisShieldBelt_II</thingClass>
    <graphicData>
      <texPath>Polarisbloc/Item/Apparel_PolarisShieldBelt_II</texPath>
      <graphicClass>Graphic_Single</graphicClass>
    </graphicData>
    <tickerType>Normal</tickerType>
    <statBases>
      <Mass>3</Mass>
      <EnergyShieldRechargeRate>0.13</EnergyShieldRechargeRate>
      <EnergyShieldEnergyMax>1.1</EnergyShieldEnergyMax>
      <MarketValue>1400</MarketValue>
      <MaxHitPoints>180</MaxHitPoints>
      <EquipDelay>1.6</EquipDelay>
    </statBases>
    <thingCategories>
      <li>Apparel</li>
    </thingCategories>
    <apparel>
      <careIfWornByCorpse>false</careIfWornByCorpse>
      <bodyPartGroups>
        <li>Waist</li>
      </bodyPartGroups>
      <layers>
        <li>Belt</li>
      </layers>
    </apparel>
    <generateCommonality>0.7</generateCommonality>
  </ThingDef>
</Defs>