﻿<?xml version="1.0" encoding="utf-8"?>
<Defs>
  <ThingDef Name="PolarisblocApparelBase" Abstract="True">
    <thingClass>Apparel</thingClass>
    <category>Item</category>
    <selectable>True</selectable>
    <pathCost>10</pathCost>
    <useHitPoints>True</useHitPoints>
    <techLevel>Ultra</techLevel>
    <graphicData>
      <onGroundRandomRotateAngle>35</onGroundRandomRotateAngle>
    </graphicData>
    <drawGUIOverlay>true</drawGUIOverlay>
    <statBases>
      <MaxHitPoints>150</MaxHitPoints>
      <Flammability>0.6</Flammability>
      <DeteriorationRate>0.2</DeteriorationRate>
      <Beauty>0</Beauty>
      <SellPriceFactor>0.70</SellPriceFactor>
    </statBases>
    <altitudeLayer>Item</altitudeLayer>
    <alwaysHaulable>True</alwaysHaulable>
    <tickerType>Never</tickerType>
    <comps>
      <li Class="CompProperties_Forbiddable" />
      <li>
        <compClass>CompQuality</compClass>
      </li>
    </comps>
    <tradeability>Sellable</tradeability>
    <tradeTags>
      <li>ExoticMisc</li>
    </tradeTags>
    <smeltable>false</smeltable>
  </ThingDef>
  <ThingDef ParentName="PolarisblocApparelBase">
    <defName>Apparel_PolarisShieldBelt_IV</defName>
    <label>polaris - IV shield belt</label>
    <description>The latest generation of shield from the Polarisbloc, only for important personnel.\n\nThe shield will counter attack the attacker if the wearer is attacked. Although the counterattack have a cooling time, be careful, the counterattack is very precise.</description>
    <thingClass>Polarisbloc_SecurityForce.PolarisShieldBelt_IV</thingClass>
    <graphicData>
      <texPath>PolarisblocSF/Apparel/PolarisShieldBelt_IV</texPath>
      <graphicClass>Graphic_Single</graphicClass>
    </graphicData>
    <tickerType>Normal</tickerType>
    <statBases>
      <Mass>2.4</Mass>
      <EnergyShieldRechargeRate>0.18</EnergyShieldRechargeRate>
      <EnergyShieldEnergyMax>1.2</EnergyShieldEnergyMax>
      <MarketValue>2000</MarketValue>
      <MaxHitPoints>240</MaxHitPoints>
      <Flammability>0</Flammability>
      <EquipDelay>2</EquipDelay>
    </statBases>
    <thingCategories>
      <li>Apparel</li>
    </thingCategories>
    <apparel>
      <careIfWornByCorpse>false</careIfWornByCorpse>
      <bodyPartGroups>
        <li>Waist</li>
      </bodyPartGroups>
      <layers>
        <li>Belt</li>
      </layers>
      <defaultOutfitTags>
        <li>Soldier</li>
      </defaultOutfitTags>
    </apparel>
    <generateCommonality>0.4</generateCommonality>
  </ThingDef>
  <ThingDef ParentName="PolarisblocApparelBase">
    <defName>Polarisbloc_CygnusStandardArmor</defName>
    <label>cygnus standard armor</label>
    <description>The standard Cygnus armor of Security Forces provides a small amount of defensive capabilities and combat attributes.</description>
    <thingClass>Polarisbloc_SecurityForce.CygnusStandardArmor</thingClass>
    <thingCategories>
      <li>Apparel</li>
    </thingCategories>
    <techLevel>Ultra</techLevel>
    <graphicData>
      <texPath>PolarisblocSF/Apparel/CygnusStandardArmor/CygnusStandardArmor</texPath>
      <graphicClass>Graphic_Single</graphicClass>
    </graphicData>
    <statBases>
      <Mass>8</Mass>
      <DeteriorationRate>0</DeteriorationRate>
      <MaxHitPoints>300</MaxHitPoints>
      <MarketValue>1500</MarketValue>
      <ArmorRating_Blunt>0.18</ArmorRating_Blunt>
      <ArmorRating_Sharp>0.20</ArmorRating_Sharp>
      <ArmorRating_Heat>0.2</ArmorRating_Heat>
      <Insulation_Cold>45</Insulation_Cold>
      <Insulation_Heat>45</Insulation_Heat>
      <Flammability>0.5</Flammability>
      <Beauty>6</Beauty>
      <EquipDelay>8</EquipDelay>
    </statBases>
    <equippedStatOffsets>
      <MoveSpeed>1</MoveSpeed>
      <Flammability>-0.25</Flammability>
      <MeleeDodgeChance>2</MeleeDodgeChance>
    </equippedStatOffsets>
    <generateCommonality>0.4</generateCommonality>
    <apparel>
      <bodyPartGroups>
        <li>Neck</li>
        <li>Torso</li>
        <li>Shoulders</li>
        <li>Arms</li>
        <li>Legs</li>
      </bodyPartGroups>
      <wornGraphicPath>PolarisblocSF/Apparel/CygnusStandardArmor/CygnusStandardArmor</wornGraphicPath>
      <layers>
        <!--<li>OnSkin</li>-->
        <li>Shell</li>
      </layers>
      <defaultOutfitTags>
        <li>Soldier</li>
      </defaultOutfitTags>
    </apparel>
  </ThingDef>
  <ThingDef ParentName="PolarisblocApparelBase">
    <defName>Polarisbloc_CygnusStandardArmorC</defName>
    <label>cygnus standard armor (captain)</label>
    <description>The Captain version of the Cygnus armor is slightly improved of the original, but it is still very limited.</description>
    <thingClass>Polarisbloc_SecurityForce.CygnusStandardArmor</thingClass>
    <thingCategories>
      <li>Apparel</li>
    </thingCategories>
    <techLevel>Ultra</techLevel>
    <graphicData>
      <texPath>PolarisblocSF/Apparel/CygnusStandardArmorC/CygnusStandardArmorC</texPath>
      <graphicClass>Graphic_Single</graphicClass>
    </graphicData>
    <statBases>
      <Mass>8</Mass>
      <DeteriorationRate>0</DeteriorationRate>
      <MaxHitPoints>400</MaxHitPoints>
      <MarketValue>2000</MarketValue>
      <ArmorRating_Blunt>0.20</ArmorRating_Blunt>
      <ArmorRating_Sharp>0.25</ArmorRating_Sharp>
      <ArmorRating_Heat>0.25</ArmorRating_Heat>
      <Insulation_Cold>50</Insulation_Cold>
      <Insulation_Heat>50</Insulation_Heat>
      <Flammability>0.4</Flammability>
      <Beauty>6</Beauty>
      <EquipDelay>8</EquipDelay>
    </statBases>
    <equippedStatOffsets>
      <MoveSpeed>1.2</MoveSpeed>
      <Flammability>-0.25</Flammability>
      <MeleeDodgeChance>2.5</MeleeDodgeChance>
    </equippedStatOffsets>
    <generateCommonality>0.4</generateCommonality>
    <apparel>
      <bodyPartGroups>
        <li>Neck</li>
        <li>Torso</li>
        <li>Shoulders</li>
        <li>Arms</li>
        <li>Legs</li>
      </bodyPartGroups>
      <wornGraphicPath>PolarisblocSF/Apparel/CygnusStandardArmorC/CygnusStandardArmorC</wornGraphicPath>
      <layers>
        <!--<li>OnSkin</li>-->
        <li>Shell</li>
      </layers>
      <defaultOutfitTags>
        <li>Soldier</li>
      </defaultOutfitTags>
      <tags>
        <li>MTVCAapparel</li>
      </tags>
    </apparel>
  </ThingDef>
  <ThingDef ParentName="PolarisblocApparelBase">
    <defName>Polarisbloc_CygnusStandardTights</defName>
    <label>cygnus standard tights</label>
    <description>The Cygnus tights made of polymer materials contain special life-sustaining devices that can treat the user's wounds in time and promote wound healing.</description>
    <thingClass>Polarisbloc_SecurityForce.CygnusStandardTights</thingClass>
    <thingCategories>
      <li>Apparel</li>
    </thingCategories>
    <techLevel>Ultra</techLevel>
    <graphicData>
      <texPath>PolarisblocSF/Apparel/CygnusStandardTights/CygnusStandardTights</texPath>
      <graphicClass>Graphic_Single</graphicClass>
    </graphicData>
    <statBases>
      <Mass>1.3</Mass>
      <DeteriorationRate>0</DeteriorationRate>
      <MaxHitPoints>200</MaxHitPoints>
      <MarketValue>1000</MarketValue>
      <ArmorRating_Blunt>0.1</ArmorRating_Blunt>
      <ArmorRating_Sharp>0.15</ArmorRating_Sharp>
      <ArmorRating_Heat>0.1</ArmorRating_Heat>
      <Insulation_Cold>45</Insulation_Cold>
      <Insulation_Heat>25</Insulation_Heat>
      <Flammability>0.4</Flammability>
      <Beauty>6</Beauty>
      <EquipDelay>3</EquipDelay>
    </statBases>
    <equippedStatOffsets>
      <Flammability>-0.75</Flammability>
      <ToxicSensitivity>-0.8</ToxicSensitivity>
    </equippedStatOffsets>
    <generateCommonality>0.4</generateCommonality>
    <apparel>
      <bodyPartGroups>
        <li>Neck</li>
        <li>Torso</li>
        <li>Shoulders</li>
        <li>Arms</li>
        <li>Legs</li>
      </bodyPartGroups>
      <wornGraphicPath>PolarisblocSF/Apparel/CygnusStandardTights/CygnusStandardTights</wornGraphicPath>
      <layers>
        <li>OnSkin</li>
      </layers>
      <defaultOutfitTags>
        <li>Soldier</li>
      </defaultOutfitTags>
      <tags>
        <li>MTVCAapparel</li>
      </tags>
    </apparel>
    <tickerType>Normal</tickerType>
  </ThingDef>
  <!--HeadGear-->
  <ThingDef ParentName="PolarisblocApparelBase">
    <defName>Polarisbloc_AlkaidStrategyAssistant</defName>
    <label>Alkaid strategy assistant</label>
    <description>The Universal Tactical assistant is a device that can assist the user predict enemy movement trends.</description>
    <thingCategories>
      <li>Headgear</li>
    </thingCategories>
    <graphicData>
      <texPath>PolarisblocSF/Apparel/AlkaidStrategyAssistant/AlkaidStrategyAssistant</texPath>
      <graphicClass>Graphic_Single</graphicClass>
    </graphicData>
    <statBases>
      <MaxHitPoints>240</MaxHitPoints>
      <Mass>1.7</Mass>
      <MarketValue>870</MarketValue>
      <EquipDelay>0.8</EquipDelay>
    </statBases>
    <equippedStatOffsets>
      <AimingDelayFactor>-0.05</AimingDelayFactor>
      <ShootingAccuracyPawn>1</ShootingAccuracyPawn>
      <MeleeDodgeChance>0.5</MeleeDodgeChance>
      <MeleeHitChance>0.5</MeleeHitChance>
      <PsychicSensitivity>-0.8</PsychicSensitivity>
    </equippedStatOffsets>
    <generateCommonality>0.4</generateCommonality>
    <apparel>
      <bodyPartGroups>
        <li>Neck</li>
      </bodyPartGroups>
      <wornGraphicPath>PolarisblocSF/Apparel/AlkaidStrategyAssistant/AlkaidStrategyAssistant</wornGraphicPath>
      <layers>
        <li>Overhead</li>
      </layers>
      <tags>
        <li>PolarisblocAlkaid</li>
      </tags>
      <defaultOutfitTags>
        <li>Soldier</li>
      </defaultOutfitTags>
      <hatRenderedFrontOfFace>true</hatRenderedFrontOfFace>
    </apparel>
  </ThingDef>
  <ThingDef ParentName="PolarisblocApparelBase">
    <defName>Polarisbloc_ThubanTacticalGoggles</defName>
    <label>Thuban tactical goggles</label>
    <description>The Universal Tactical goggles produced by the Polarisbloc enhance effectively the sight of the user.</description>
    <thingCategories>
      <li>Headgear</li>
    </thingCategories>
    <graphicData>
      <texPath>PolarisblocSF/Apparel/ThubanTacticalGoggles/ThubanTacticalGoggles</texPath>
      <graphicClass>Graphic_Single</graphicClass>
    </graphicData>
    <statBases>
      <MaxHitPoints>240</MaxHitPoints>
      <Mass>1.7</Mass>
      <ArmorRating_Blunt>0.35</ArmorRating_Blunt>
      <ArmorRating_Sharp>0.55</ArmorRating_Sharp>
      <ArmorRating_Heat>0.5</ArmorRating_Heat>
      <Insulation_Cold>-10</Insulation_Cold>
      <Insulation_Heat>10</Insulation_Heat>
      <MarketValue>1160</MarketValue>
      <EquipDelay>1.5</EquipDelay>
    </statBases>
    <equippedStatOffsets>
      <AimingDelayFactor>-0.1</AimingDelayFactor>
      <ShootingAccuracyPawn>1</ShootingAccuracyPawn>
      <MeleeDodgeChance>0.5</MeleeDodgeChance>
      <MeleeHitChance>0.5</MeleeHitChance>
    </equippedStatOffsets>
    <generateCommonality>0.4</generateCommonality>
    <apparel>
      <bodyPartGroups>
        <!--<li>Eyes</li>-->
        <li>FullHead</li>
      </bodyPartGroups>
      <wornGraphicPath>PolarisblocSF/Apparel/ThubanTacticalGoggles/ThubanTacticalGoggles</wornGraphicPath>
      <layers>
        <li>Overhead</li>
      </layers>
      <tags>
        <li>PolarisblocAlkaid</li>
      </tags>
      <defaultOutfitTags>
        <li>Soldier</li>
      </defaultOutfitTags>
      <hatRenderedFrontOfFace>true</hatRenderedFrontOfFace>
    </apparel>
  </ThingDef>
  <!--Trigger-->
  <ThingDef>
    <defName>Polarisbloc_BodyFixTrigger</defName>
    <label>Body Fix Trigger</label>
    <description>Body Fix Trigger</description>
    <thingClass>Polarisbloc_SecurityForce.BodyFixTrigger</thingClass>
    <graphicData>
      <texPath>Things/Pawn/Humanlike/Apparel/ShieldBelt/ShieldBelt</texPath>
      <graphicClass>Graphic_Single</graphicClass>
      <onGroundRandomRotateAngle>35</onGroundRandomRotateAngle>
    </graphicData>
    <tickerType>Normal</tickerType>
    <statBases>
      <Mass>0.1</Mass>
      <Beauty>9</Beauty>
      <Flammability>0</Flammability>
      <DeteriorationRate>0</DeteriorationRate>
      <EquipDelay>0.8</EquipDelay>
    </statBases>
    <thingCategories>
      <li>Apparel</li>
    </thingCategories>
    <apparel>
      <careIfWornByCorpse>false</careIfWornByCorpse>
      <bodyPartGroups>
        <li>Neck</li>
      </bodyPartGroups>
      <layers>
        <li>Belt</li>
      </layers>
      <tags></tags>
    </apparel>
    <comps>
      <li Class="CompProperties_Forbiddable" />
    </comps>
    <useHitPoints>false</useHitPoints>
    <category>Item</category>
    <selectable>True</selectable>
    <pathCost>10</pathCost>
    <techLevel>Spacer</techLevel>
    <drawGUIOverlay>true</drawGUIOverlay>
    <altitudeLayer>Item</altitudeLayer>
    <alwaysHaulable>True</alwaysHaulable>
    <smeltable>false</smeltable>
    <tradeability>None</tradeability>
    <menuHidden>True</menuHidden>
    <destroyOnDrop>True</destroyOnDrop>
    <generateCommonality>0.01</generateCommonality>
  </ThingDef>
</Defs>