﻿<?xml version="1.0" encoding="utf-8"?>
<Defs>
  <ThingDef ParentName="ResourceBase">
    <defName>PolarisShieldMemoryStick</defName>
    <label>polaris shield memory stick</label>
    <thingClass>ThingWithComps</thingClass>
    <description>The Polarisbloc makes and sells Memory Sticks containing the shield manufacturing technology. Due to the complicated level of data encryption, the data in the Memory Stick can not be obtained easily.\n\nTips:\nYou have a 9% chance to acquire the shield technology of the Memory Stick.\nIf you didn't get the technology, you have 30% chance to get a consolation prize from Polarisbloc.\nIf neither of the above were available, there is still a 1% chance to get a luxurious gift.\nUmmm... if you didn't get any of them, it's a pity.</description>
    <graphicData>
      <texPath>PolarisblocSF/Item/PolarisShieldMemoryStick</texPath>
      <graphicClass>Graphic_Single</graphicClass>
    </graphicData>
    <resourceReadoutPriority>Middle</resourceReadoutPriority>
    <stackLimit>1</stackLimit>
    <useHitPoints>true</useHitPoints>
    <statBases>
      <MarketValue>800</MarketValue>
      <MaxHitPoints>100</MaxHitPoints>
      <Mass>0.3</Mass>
    </statBases>
    <thingCategories>
      <li>Items</li>
    </thingCategories>
    <tradeability>All</tradeability>
    <techLevel>Ultra</techLevel>
    <comps>
      <li Class="CompProperties_Usable">
        <useJob>UseItem</useJob>
        <useLabel>Unscramble memory stick</useLabel>
      </li>
      <li Class="CompProperties_UseEffect">
        <compClass>CompUseEffect_FinishPSFShieldResearchProject</compClass>
      </li>
      <li Class="CompProperties_UseEffect">
        <compClass>CompUseEffect_DestroySelf</compClass>
      </li>
    </comps>
  </ThingDef>
</Defs>