﻿<?xml version="1.0" encoding="utf-8"?>
<Defs>
  <ThingDef ParentName="ResourceBase">
    <defName>PolarisDropSupplyBeacon</defName>
    <label>polaris supply pack</label>
    <thingClass>ThingWithComps</thingClass>
    <description>It will release the pack of polarisbloc when you active it.And give you a full set equipments of soldier in security force.</description>
    <graphicData>
      <texPath>PolarisblocSF/Item/PolarisDropSupplyBeacon</texPath>
      <graphicClass>Graphic_Single</graphicClass>
    </graphicData>
    <resourceReadoutPriority>Middle</resourceReadoutPriority>
    <stackLimit>1</stackLimit>
    <useHitPoints>true</useHitPoints>
    <statBases>
      <MarketValue>6600</MarketValue>
      <MaxHitPoints>100</MaxHitPoints>
      <Mass>0.3</Mass>
    </statBases>
    <thingCategories>
      <li>Items</li>
    </thingCategories>
    <tradeability>All</tradeability>
    <techLevel>Ultra</techLevel>
    <tradeTags>
      <li>ExoticMisc</li>
    </tradeTags>
    <comps>
      <li Class="CompProperties_Usable">
        <useJob>UseItem</useJob>
        <useLabel>Release the pack</useLabel>
      </li>
      <li Class="CompProperties_UseEffect">
        <compClass>Polarisbloc_SecurityForce.CompUseEffect_GetDropSupply</compClass>
      </li>
      <li Class="CompProperties_UseEffect">
        <compClass>CompUseEffect_DestroySelf</compClass>
      </li>
    </comps>
    <thingSetMakerTags>
      <li>RewardSpecial</li>
    </thingSetMakerTags>
  </ThingDef>
</Defs>