﻿<?xml version="1.0" encoding="utf-8"?>
<Defs>
  <!--ultra-->
  <ResearchProjectDef>
    <tab>Polarisbloc</tab>
    <defName>PolarisShield</defName>
    <label>polaris shield tech</label>
    <description>Learn how to craft polaris - II shield belt. The data is confidential and can only be obtained by unscrambling a Polaris Shield Memory Stick.</description>
    <baseCost>2000</baseCost>
    <techLevel>Ultra</techLevel>
    <!--<prerequisites><li>Cryptosleep</li></prerequisites>-->
    <researchViewX>1</researchViewX>
    <researchViewY>5</researchViewY>
    <requiredResearchBuilding>HiTechResearchBench</requiredResearchBuilding>
    <requiredResearchFacilities>
      <li>VanyaDataCenter</li>
    </requiredResearchFacilities>
  </ResearchProjectDef>
</Defs>