﻿<?xml version="1.0" encoding="utf-8"?>
<Defs>
  <PawnKindDef Name="Polarisbloc_SFBase" Abstract="True">
    <race>Human</race>
    <defaultFactionType>Polaribloc_SecuirityForce</defaultFactionType>
    <baseRecruitDifficulty>0.99</baseRecruitDifficulty>
    <backstoryCategories>
      <li>Civil</li>
    </backstoryCategories>
    <chemicalAddictionChance>0</chemicalAddictionChance>
    <invNutrition>4.8</invNutrition>
    <itemQuality>Normal</itemQuality>
    <backstoryCryptosleepCommonality>0.25</backstoryCryptosleepCommonality>
    <maxGenerationAge>45</maxGenerationAge>
    <gearHealthRange>
      <min>1.5</min>
      <max>3.5</max>
    </gearHealthRange>
    <apparelTags>
      <li></li>
    </apparelTags>
    <apparelMoney>
      <min>20000</min>
      <max>60000</max>
    </apparelMoney>
    <techHediffsChance>2.00</techHediffsChance>
    <techHediffsTags>
      <li>AdvancedWeapon</li>
    </techHediffsTags>
    <techHediffsMoney>
      <min>3000</min>
      <max>3000</max>
    </techHediffsMoney>
    <combatEnhancingDrugsCount>
      <min>0</min>
      <max>2</max>
    </combatEnhancingDrugsCount>
    <combatEnhancingDrugsChance>0</combatEnhancingDrugsChance>
    <inventoryOptions>
      <skipChance>0.8</skipChance>
      <subOptionsChooseOne>
        <li>
          <thingDef>Silver</thingDef>
          <countRange>
            <min>120</min>
            <max>480</max>
          </countRange>
        </li>
        <li>
          <thingDef>MedicineIndustrial</thingDef>
          <countRange>
            <min>1</min>
            <max>2</max>
          </countRange>
        </li>
      </subOptionsChooseOne>
    </inventoryOptions>
    <aiAvoidCover>true</aiAvoidCover>
    <apparelRequired>
      <li>Polarisbloc_AlkaidStrategyAssistant</li>
      <li>Polarisbloc_ThubanTacticalGoggles</li>
      <li>Polarisbloc_CygnusStandardTights</li>
      <li>PolarisCartridge</li>
      <li>Polarisbloc_BodyFixTrigger</li>
    </apparelRequired>
    <apparelIgnoreSeasons>true</apparelIgnoreSeasons>
    <invFoodDef>Polarisbloc_EmergencyFood</invFoodDef>
  </PawnKindDef>
  <PawnKindDef ParentName="Polarisbloc_SFBase">
    <defName>Polarisbloc_SFSoldier</defName>
    <label>soldier</label>
    <combatPower>148</combatPower>
    <weaponMoney>
      <min>2000</min>
      <max>3000</max>
    </weaponMoney>
    <weaponTags>
      <li>Polarisbloc_CaniculaRifle</li>
    </weaponTags>
    <apparelRequired>
      <li>Polarisbloc_CygnusStandardArmor</li>
      <li>Apparel_PolarisShieldBelt_II</li>
    </apparelRequired>
    <forceNormalGearQuality>true</forceNormalGearQuality>
  </PawnKindDef>
  <PawnKindDef ParentName="Polarisbloc_SFBase">
    <defName>Polarisbloc_SFCaptain</defName>
    <label>captain</label>
    <combatPower>205</combatPower>
    <weaponMoney>
      <min>6000</min>
      <max>10000</max>
    </weaponMoney>
    <weaponTags>
      <li>Polarisbloc_CaniculaSniper</li>
    </weaponTags>
    <trader>true</trader>
    <apparelRequired>
      <li>Polarisbloc_CygnusStandardArmorC</li>
      <li>Apparel_PolarisShieldBelt_IV</li>
    </apparelRequired>
    <itemQuality>Good</itemQuality>
  </PawnKindDef>
  <PawnKindDef ParentName="Polarisbloc_SFBase">
    <defName>Polarisbloc_SFCommander</defName>
    <label>commander</label>
    <combatPower>216</combatPower>
    <weaponMoney>
      <min>6000</min>
      <max>10000</max>
    </weaponMoney>
    <weaponTags>
      <li>Polarisbloc_CaniculaSniper</li>
    </weaponTags>
    <factionLeader>true</factionLeader>
    <apparelRequired>
      <li>Polarisbloc_CygnusStandardArmorC</li>
      <li>Apparel_PolarisShieldBelt_IV</li>
    </apparelRequired>
    <itemQuality>Excellent</itemQuality>
  </PawnKindDef>
</Defs>