﻿<?xml version="1.0" encoding="utf-8"?>
<Defs>
  <!--Global-->
  <BodyPartDef>
    <defName>Vanya_DroidThruster</defName>
    <label>Thruster</label>
    <hitPoints>30</hitPoints>
    <permanentInjuryChanceFactor>0</permanentInjuryChanceFactor>
    <skinCovered>false</skinCovered>
    <solid>true</solid>
    <alive>false</alive>
    <bleedRate>0</bleedRate>
    <tags>
      <li>MovingLimbCore</li>
    </tags>
  </BodyPartDef>
  <BodyPartDef>
    <defName>Vanya_DroidManipulationTool</defName>
    <label>Operation Panel</label>
    <hitPoints>30</hitPoints>
    <permanentInjuryChanceFactor>0</permanentInjuryChanceFactor>
    <skinCovered>false</skinCovered>
    <solid>true</solid>
    <bleedRate>0</bleedRate>
    <alive>false</alive>
    <tags>
      <li>ManipulationLimbCore</li>
    </tags>
  </BodyPartDef>
  <BodyPartDef>
    <defName>Vanya_DroidReactor</defName>
    <label>Reactor</label>
    <hitPoints>25</hitPoints>
    <permanentInjuryChanceFactor>0</permanentInjuryChanceFactor>
    <skinCovered>false</skinCovered>
    <solid>true</solid>
    <alive>false</alive>
    <bleedRate>0</bleedRate>
    <tags>
      <li>BloodPumpingSource</li>
    </tags>
  </BodyPartDef>
  <BodyPartDef>
    <defName>Vanya_DroidReactiveArmor</defName>
    <label>Reactive Armor</label>
    <hitPoints>1</hitPoints>
    <permanentInjuryChanceFactor>0</permanentInjuryChanceFactor>
    <skinCovered>false</skinCovered>
    <solid>true</solid>
    <alive>false</alive>
    <bleedRate>0</bleedRate>
  </BodyPartDef>
  <!--Dogs-->
  <BodyPartDef>
    <defName>Vanya_DroidJaw</defName>
    <label>Mechanic Jaw</label>
    <hitPoints>20</hitPoints>
    <permanentInjuryChanceFactor>0</permanentInjuryChanceFactor>
    <skinCovered>false</skinCovered>
    <solid>true</solid>
    <alive>false</alive>
    <bleedRate>0</bleedRate>
  </BodyPartDef>
  <BodyPartDef>
    <defName>Vanya_DroidLBLeg</defName>
    <label>Front Left Leg</label>
    <hitPoints>30</hitPoints>
    <permanentInjuryChanceFactor>0</permanentInjuryChanceFactor>
    <skinCovered>false</skinCovered>
    <solid>true</solid>
    <alive>false</alive>
    <bleedRate>0</bleedRate>
    <tags>
      <li>MovingLimbCore</li>
      <li>ManipulationLimbCore</li>
    </tags>
  </BodyPartDef>
  <BodyPartDef>
    <defName>Vanya_DroidLBFoot</defName>
    <label>Front Left Foot</label>
    <hitPoints>20</hitPoints>
    <frostbiteVulnerability>2</frostbiteVulnerability>
    <permanentInjuryChanceFactor>0</permanentInjuryChanceFactor>
    <skinCovered>false</skinCovered>
    <solid>true</solid>
    <alive>false</alive>
    <bleedRate>0</bleedRate>
    <tags>
      <li>MovingLimbSegment</li>
      <li>ManipulationLimbSegment</li>
    </tags>
  </BodyPartDef>
  <BodyPartDef>
    <defName>Vanya_DroidRBLeg</defName>
    <label>Front Right Leg</label>
    <hitPoints>30</hitPoints>
    <permanentInjuryChanceFactor>0</permanentInjuryChanceFactor>
    <skinCovered>false</skinCovered>
    <solid>true</solid>
    <alive>false</alive>
    <bleedRate>0</bleedRate>
    <tags>
      <li>MovingLimbCore</li>
      <li>ManipulationLimbCore</li>
    </tags>
  </BodyPartDef>
  <BodyPartDef>
    <defName>Vanya_DroidRBFoot</defName>
    <label>Front Right Foot</label>
    <hitPoints>20</hitPoints>
    <frostbiteVulnerability>2</frostbiteVulnerability>
    <permanentInjuryChanceFactor>0</permanentInjuryChanceFactor>
    <skinCovered>false</skinCovered>
    <solid>true</solid>
    <alive>false</alive>
    <bleedRate>0</bleedRate>
    <tags>
      <li>MovingLimbSegment</li>
      <li>ManipulationLimbSegment</li>
    </tags>
  </BodyPartDef>
  <BodyPartDef>
    <defName>Vanya_DroidLTLeg</defName>
    <label>Back Left Leg</label>
    <hitPoints>30</hitPoints>
    <permanentInjuryChanceFactor>0</permanentInjuryChanceFactor>
    <skinCovered>false</skinCovered>
    <solid>true</solid>
    <alive>false</alive>
    <bleedRate>0</bleedRate>
    <tags>
      <li>MovingLimbCore</li>
    </tags>
  </BodyPartDef>
  <BodyPartDef>
    <defName>Vanya_DroidLTFoot</defName>
    <label>Back Left Foot</label>
    <hitPoints>20</hitPoints>
    <frostbiteVulnerability>2</frostbiteVulnerability>
    <permanentInjuryChanceFactor>0</permanentInjuryChanceFactor>
    <skinCovered>false</skinCovered>
    <solid>true</solid>
    <alive>false</alive>
    <bleedRate>0</bleedRate>
    <tags>
      <li>MovingLimbSegment</li>
    </tags>
  </BodyPartDef>
  <BodyPartDef>
    <defName>Vanya_DroidRTLeg</defName>
    <label>Back Right Leg</label>
    <hitPoints>30</hitPoints>
    <permanentInjuryChanceFactor>0</permanentInjuryChanceFactor>
    <skinCovered>false</skinCovered>
    <solid>true</solid>
    <alive>false</alive>
    <bleedRate>0</bleedRate>
    <tags>
      <li>MovingLimbCore</li>
    </tags>
  </BodyPartDef>
  <BodyPartDef>
    <defName>Vanya_DroidRTFoot</defName>
    <label>Back Right Foot</label>
    <hitPoints>20</hitPoints>
    <frostbiteVulnerability>2</frostbiteVulnerability>
    <permanentInjuryChanceFactor>0</permanentInjuryChanceFactor>
    <skinCovered>false</skinCovered>
    <solid>true</solid>
    <alive>false</alive>
    <bleedRate>0</bleedRate>
    <tags>
      <li>MovingLimbSegment</li>
    </tags>
  </BodyPartDef>
  <!--Ruler-->
  <BodyPartDef>
    <defName>Vanya_DroidCube</defName>
    <label>Thinking Processor</label>
    <hitPoints>30</hitPoints>
    <permanentInjuryChanceFactor>0</permanentInjuryChanceFactor>
    <skinCovered>false</skinCovered>
    <solid>true</solid>
    <alive>false</alive>
    <spawnThingOnRemoved>Vanya_ConsciousnessCube</spawnThingOnRemoved>
    <bleedRate>0</bleedRate>
    <tags>
      <li>ConsciousnessSource</li>
    </tags>
  </BodyPartDef>
  <!--Fortress-->
  <BodyPartDef>
    <defName>Vanya_DroidPowerCore</defName>
    <label>Power Core</label>
    <hitPoints>25</hitPoints>
    <permanentInjuryChanceFactor>0</permanentInjuryChanceFactor>
    <skinCovered>false</skinCovered>
    <solid>true</solid>
    <alive>false</alive>
    <bleedRate>0</bleedRate>
    <spawnThingOnRemoved>Vanya_StabPowerCore</spawnThingOnRemoved>
    <tags>
      <li>BloodPumpingSource</li>
    </tags>
  </BodyPartDef>
  <BodyPartDef>
    <defName>Vanya_DroidChassis</defName>
    <label>Underpan</label>
    <hitPoints>60</hitPoints>
    <permanentInjuryChanceFactor>0</permanentInjuryChanceFactor>
    <skinCovered>false</skinCovered>
    <solid>true</solid>
    <alive>false</alive>
    <bleedRate>0</bleedRate>
  </BodyPartDef>
  <BodyPartDef>
    <defName>Vanya_DroidBearing</defName>
    <label>Bearing</label>
    <hitPoints>48</hitPoints>
    <permanentInjuryChanceFactor>0</permanentInjuryChanceFactor>
    <skinCovered>false</skinCovered>
    <solid>true</solid>
    <alive>false</alive>
    <bleedRate>0</bleedRate>
    <tags>
      <li>MovingLimbCore</li>
      <li>ManipulationLimbSegment</li>
    </tags>
  </BodyPartDef>
  <BodyPartDef>
    <defName>Vanya_DroidHub</defName>
    <label>Wheel Hub</label>
    <hitPoints>40</hitPoints>
    <permanentInjuryChanceFactor>0</permanentInjuryChanceFactor>
    <skinCovered>false</skinCovered>
    <solid>true</solid>
    <alive>false</alive>
    <bleedRate>0</bleedRate>
    <tags>
      <li>MovingLimbSegment</li>
    </tags>
  </BodyPartDef>
  <BodyPartDef>
    <defName>Vanya_DroidTrack</defName>
    <label>Caterpillar Band</label>
    <hitPoints>45</hitPoints>
    <permanentInjuryChanceFactor>0</permanentInjuryChanceFactor>
    <skinCovered>false</skinCovered>
    <solid>true</solid>
    <alive>false</alive>
    <bleedRate>0</bleedRate>
    <tags>
      <li>MovingLimbSegment</li>
      <li>ManipulationLimbSegment</li>
    </tags>
  </BodyPartDef>
</Defs>