﻿<?xml version="1.0" encoding="utf-8"?>
<Defs>
  <TraderKindDef>
    <defName>Orbital_Polarisbloc</defName>
    <label>distributor(Polarisbloc)</label>
    <commonality>0.85</commonality>
    <orbital>true</orbital>
    <stockGenerators>
      <li Class="StockGenerator_SingleDef">
        <thingDef>Silver</thingDef>
        <countRange>
          <min>4000</min>
          <max>10000</max>
        </countRange>
      </li>
      <!--special-->
      <li Class="StockGenerator_SingleDef">
        <thingDef>PolarisAntibiotic</thingDef>
        <price>Cheap</price>
        <countRange>
          <min>10</min>
          <max>50</max>
        </countRange>
      </li>
      <li Class="StockGenerator_SingleDef">
        <thingDef>PolarisRestorer</thingDef>
        <price>Expensive</price>
        <countRange>
          <min>2</min>
          <max>6</max>
        </countRange>
      </li>
      <li Class="StockGenerator_SingleDef">
        <thingDef>PolarisHealingPotion</thingDef>
        <price>Cheap</price>
        <countRange>
          <min>10</min>
          <max>50</max>
        </countRange>
      </li>
      <li Class="StockGenerator_SingleDef">
        <thingDef>Chocolate</thingDef>
        <countRange>
          <min>100</min>
          <max>300</max>
        </countRange>
      </li>
      <li Class="StockGenerator_Category">
        <categoryDef>Neurotrainers</categoryDef>
        <thingDefCountRange>1~5</thingDefCountRange>
      </li>
      <li Class="StockGenerator_SingleDef">
        <thingDef>PolarisCombatChip</thingDef>
        <price>Exorbitant</price>
        <countRange>
          <min>0</min>
          <max>3</max>
        </countRange>
      </li>
      <li Class="StockGenerator_SingleDef">
        <thingDef>PolarisBondorudoDiary</thingDef>
        <price>Exorbitant</price>
        <countRange>
          <min>-4</min>
          <max>1</max>
        </countRange>
      </li>
      <li Class="StockGenerator_SingleDef">
        <thingDef>Apparel_PolarisShieldBelt_II</thingDef>
        <countRange>
          <min>1</min>
          <max>2</max>
        </countRange>
      </li>
      <li Class="StockGenerator_SingleDef">
        <thingDef>PolarisMechSerumTraitreleaser</thingDef>
        <countRange>
          <min>1</min>
          <max>1</max>
        </countRange>
      </li>
      <li Class="StockGenerator_SingleDef">
        <thingDef>PolarisMomeryRester</thingDef>
        <countRange>
          <min>1</min>
          <max>1</max>
        </countRange>
      </li>
      <li Class="StockGenerator_SingleDef">
        <thingDef>PolarisOrbitalTraderCaller</thingDef>
        <countRange>
          <min>1</min>
          <max>1</max>
        </countRange>
      </li>
      <li Class="StockGenerator_SingleDef">
        <thingDef>PolarisCombatChipConverter</thingDef>
        <countRange>
          <min>1</min>
          <max>1</max>
        </countRange>
      </li>
      <!--vanilla-->
      <li Class="StockGenerator_SingleDef">
        <thingDef>MealSurvivalPack</thingDef>
        <price>Cheap</price>
        <countRange>
          <min>20</min>
          <max>50</max>
        </countRange>
      </li>
      <li Class="StockGenerator_SingleDef">
        <thingDef>ComponentIndustrial</thingDef>
        <countRange>
          <min>10</min>
          <max>40</max>
        </countRange>
      </li>
      <li Class="StockGenerator_SingleDef">
        <thingDef>ComponentSpacer</thingDef>
        <countRange>
          <min>4</min>
          <max>16</max>
        </countRange>
      </li>
      <li Class="StockGenerator_SingleDef">
        <thingDef>Gold</thingDef>
        <countRange>
          <min>500</min>
          <max>1000</max>
        </countRange>
      </li>
      <li Class="StockGenerator_SingleDef">
        <thingDef>Plasteel</thingDef>
        <countRange>
          <min>100</min>
          <max>400</max>
        </countRange>
      </li>
      <li Class="StockGenerator_SingleDef">
        <thingDef>MedicineIndustrial</thingDef>
        <price>Cheap</price>
        <countRange>
          <min>20</min>
          <max>50</max>
        </countRange>
      </li>
      <li Class="StockGenerator_SingleDef">
        <thingDef>MedicineUltratech</thingDef>
        <countRange>
          <min>20</min>
          <max>50</max>
        </countRange>
      </li>
      <li Class="StockGenerator_SingleDef">
        <thingDef>Neutroamine</thingDef>
        <countRange>
          <min>200</min>
          <max>1000</max>
        </countRange>
      </li>
      <li Class="StockGenerator_Category">
        <categoryDef>Drugs</categoryDef>
        <thingDefCountRange>
          <min>6</min>
          <max>12</max>
        </thingDefCountRange>
        <totalPriceRange>
          <min>2000</min>
          <max>6000</max>
        </totalPriceRange>
      </li>
      <li Class="StockGenerator_Tag">
        <tradeTag>ExoticMisc</tradeTag>
        <thingDefCountRange>
          <min>4</min>
          <max>10</max>
        </thingDefCountRange>
        <countRange>
          <min>1</min>
          <max>2</max>
        </countRange>
      </li>
      <li Class="StockGenerator_Tag">
        <tradeTag>BodyPartOrImplant</tradeTag>
        <thingDefCountRange>
          <min>6</min>
          <max>12</max>
        </thingDefCountRange>
        <countRange>
          <min>1</min>
          <max>2</max>
        </countRange>
      </li>
      <li Class="StockGenerator_Tag">
        <tradeTag>Artifact</tradeTag>
        <thingDefCountRange>
          <min>1</min>
          <max>8</max>
        </thingDefCountRange>
        <countRange>
          <min>1</min>
          <max>1</max>
        </countRange>
      </li>
      <li Class="StockGenerator_Art">
        <countRange>
          <min>1</min>
          <max>3</max>
        </countRange>
      </li>
      <li Class="StockGenerator_SingleDef">
        <thingDef>Telescope</thingDef>
        <countRange>
          <min>1</min>
          <max>2</max>
        </countRange>
      </li>
      <li Class="StockGenerator_Animals">
        <maxWildness>0.60</maxWildness>
        <tradeTagsSell>
          <li>AnimalFarm</li>
          <li>AnimalPet</li>
          <li>AnimalExotic</li>
        </tradeTagsSell>
        <tradeTagsBuy>
          <li>AnimalExotic</li>
          <li>AnimalFarm</li>
          <li>AnimalPet</li>
        </tradeTagsBuy>
        <kindCountRange>
          <min>2</min>
          <max>4</max>
        </kindCountRange>
        <countRange>
          <min>10</min>
          <max>20</max>
        </countRange>
      </li>
      <li Class="StockGenerator_BuyTradeTag">
        <tag>Art</tag>
      </li>
      <li Class="StockGenerator_BuyExpensiveSimple" />
      <li Class="StockGenerator_Category">
        <categoryDef>Textiles</categoryDef>
      </li>
      <li Class="StockGenerator_Category">
        <categoryDef>ResourcesRaw</categoryDef>
      </li>
      <li Class="StockGenerator_WeaponsRanged" />
      <li Class="StockGenerator_BuyTradeTag">
        <tag>ImplantEmpireCommon</tag>
      </li>
      <li Class="StockGenerator_BuyTradeTag">
        <tag>ImplantEmpireCommon</tag>
      </li>
      <!--Extra-->
      <li Class="StockGenerator_SingleDef">
        <thingDef>PolarisMechSerumTraitreleaser</thingDef>
        <countRange>
          <min>0</min>
          <max>1</max>
        </countRange>
      </li>
      <li Class="StockGenerator_SingleDef">
        <thingDef>PolarisMechSerumTraitreleaser</thingDef>
        <countRange>
          <min>0</min>
          <max>1</max>
        </countRange>
      </li>
      <li Class="StockGenerator_SingleDef">
        <thingDef>PolarisMechSerumTraitreleaser</thingDef>
        <countRange>
          <min>-1</min>
          <max>1</max>
        </countRange>
      </li>
      <li Class="StockGenerator_SingleDef">
        <thingDef>PolarisMechSerumTraitreleaser</thingDef>
        <countRange>
          <min>-1</min>
          <max>1</max>
        </countRange>
      </li>
      <li Class="StockGenerator_SingleDef">
        <thingDef>PolarisMechSerumTraitreleaser</thingDef>
        <countRange>
          <min>-1</min>
          <max>1</max>
        </countRange>
      </li>
      <li Class="StockGenerator_SingleDef">
        <thingDef>PolarisOrbitalTraderCaller</thingDef>
        <countRange>
          <min>0</min>
          <max>1</max>
        </countRange>
      </li>
      <li Class="StockGenerator_SingleDef">
        <thingDef>PolarisOrbitalTraderCaller</thingDef>
        <countRange>
          <min>0</min>
          <max>1</max>
        </countRange>
      </li>
      <li Class="StockGenerator_SingleDef">
        <thingDef>PolarisOrbitalTraderCaller</thingDef>
        <countRange>
          <min>-2</min>
          <max>1</max>
        </countRange>
      </li>
      <li Class="StockGenerator_SingleDef">
        <thingDef>PolarisMomeryRester</thingDef>
        <countRange>
          <min>1</min>
          <max>1</max>
        </countRange>
      </li>
      <li Class="StockGenerator_SingleDef">
        <thingDef>PolarisMomeryRester</thingDef>
        <countRange>
          <min>0</min>
          <max>1</max>
        </countRange>
      </li>
      <li Class="StockGenerator_SingleDef">
        <thingDef>PolarisMomeryRester</thingDef>
        <countRange>
          <min>0</min>
          <max>1</max>
        </countRange>
      </li>
      <li Class="StockGenerator_SingleDef">
        <thingDef>PolarisMomeryRester</thingDef>
        <countRange>
          <min>-1</min>
          <max>1</max>
        </countRange>
      </li>
      <li Class="StockGenerator_SingleDef">
        <thingDef>PolarisMomeryRester</thingDef>
        <countRange>
          <min>-1</min>
          <max>1</max>
        </countRange>
      </li>
      <li Class="StockGenerator_Tag">
        <tradeTag>ExoticMisc</tradeTag>
        <thingDefCountRange>3~5</thingDefCountRange>
        <countRange>1~2</countRange>
        <excludedThingDefs>
          <li>Luciferium</li>
          <!-- already handled by drugs -->
          <li>MedicineUltratech</li>
          <!-- already handled by single def -->
          <li>ComponentSpacer</li>
          <!-- already handled by single def -->
        </excludedThingDefs>
        <customCountRanges>
          <Hyperweave>50~200</Hyperweave>
        </customCountRanges>
      </li>
      <li Class="StockGenerator_Techprints">
        <countChances>
          <li>
            <count>1</count>
            <chance>0.4</chance>
          </li>
        </countChances>
      </li>
    </stockGenerators>
  </TraderKindDef>
  <TraderKindDef>
    <defName>Orbital_PolarisAid</defName>
    <label>aid trader</label>
    <commonality>0.85</commonality>
    <orbital>true</orbital>
    <stockGenerators>
      <li Class="StockGenerator_SingleDef">
        <thingDef>Silver</thingDef>
        <countRange>
          <min>6000</min>
          <max>9000</max>
        </countRange>
      </li>
      <li Class="StockGenerator_SingleDef">
        <thingDef>MealSurvivalPack</thingDef>
        <price>VeryCheap</price>
        <countRange>
          <min>20</min>
          <max>50</max>
        </countRange>
      </li>
      <li Class="StockGenerator_Category">
        <categoryDef>Root</categoryDef>
        <price>Cheap</price>
      </li>
      <li Class="StockGenerator_Category">
        <categoryDef>Foods</categoryDef>
        <price>Cheap</price>
        <thingDefCountRange>
          <min>3</min>
          <max>10</max>
        </thingDefCountRange>
        <totalPriceRange>
          <min>500</min>
          <max>1500</max>
        </totalPriceRange>
      </li>
      <li Class="StockGenerator_Category">
        <categoryDef>Textiles</categoryDef>
        <price>Cheap</price>
        <thingDefCountRange>
          <min>2</min>
          <max>5</max>
        </thingDefCountRange>
        <totalPriceRange>
          <min>500</min>
          <max>2500</max>
        </totalPriceRange>
      </li>
      <li Class="StockGenerator_Category">
        <categoryDef>ResourcesRaw</categoryDef>
        <price>Cheap</price>
        <thingDefCountRange>
          <min>1</min>
          <max>3</max>
        </thingDefCountRange>
        <totalPriceRange>
          <min>2200</min>
          <max>3000</max>
        </totalPriceRange>
      </li>
      <li Class="StockGenerator_Category">
        <categoryDef>Apparel</categoryDef>
        <price>Cheap</price>
        <thingDefCountRange>
          <min>2</min>
          <max>5</max>
        </thingDefCountRange>
        <totalPriceRange>
          <min>500</min>
          <max>800</max>
        </totalPriceRange>
      </li>
      <li Class="StockGenerator_Armor" />
      <li Class="StockGenerator_Clothes" />
      <li Class="StockGenerator_WeaponsRanged" />
      <li Class="StockGenerator_SingleDef">
        <thingDef>ComponentIndustrial</thingDef>
        <countRange>
          <min>30</min>
          <max>60</max>
        </countRange>
      </li>
      <li Class="StockGenerator_SingleDef">
        <thingDef>MedicineHerbal</thingDef>
        <price>Cheap</price>
        <countRange>
          <min>30</min>
          <max>100</max>
        </countRange>
      </li>
      <li Class="StockGenerator_SingleDef">
        <thingDef>MedicineIndustrial</thingDef>
        <countRange>
          <min>20</min>
          <max>50</max>
        </countRange>
      </li>
      <li Class="StockGenerator_SingleDef">
        <thingDef>Steel</thingDef>
        <price>Cheap</price>
        <countRange>
          <min>1000</min>
          <max>2000</max>
        </countRange>
      </li>
      <li Class="StockGenerator_SingleDef">
        <thingDef>WoodLog</thingDef>
        <price>Cheap</price>
        <countRange>
          <min>1000</min>
          <max>2000</max>
        </countRange>
      </li>
      <li Class="StockGenerator_SingleDef">
        <thingDef>Apparel_Parka</thingDef>
        <price>Cheap</price>
        <countRange>
          <min>1</min>
          <max>2</max>
        </countRange>
      </li>
      <li Class="StockGenerator_Animals">
        <checkTemperature>false</checkTemperature>
        <minWildness>0.7</minWildness>
        <maxWildness>1</maxWildness>
        <tradeTagsSell>
          <li>AnimalUncommon</li>
          <li>AnimalFighter</li>
        </tradeTagsSell>
        <tradeTagsBuy>
          <li>AnimalExotic</li>
          <li>AnimalFighter</li>
        </tradeTagsBuy>
        <kindCountRange>
          <min>3</min>
          <max>5</max>
        </kindCountRange>
        <countRange>
          <min>2</min>
          <max>4</max>
        </countRange>
      </li>
      <li Class="StockGenerator_BuyExpensiveSimple" />
      <li Class="StockGenerator_Category">
        <categoryDef>BuildingsFurniture</categoryDef>
        <thingDefCountRange>
          <min>1</min>
          <max>3</max>
        </thingDefCountRange>
        <countRange>
          <min>1</min>
          <max>2</max>
        </countRange>
      </li>
      <li Class="StockGenerator_BuyTradeTag">
        <tag>Art</tag>
      </li>
      <li Class="StockGenerator_BuyTradeTag">
        <tag>ImplantEmpireCommon</tag>
      </li>
      <li Class="StockGenerator_BuyTradeTag">
        <tag>ImplantEmpireCommon</tag>
      </li>
    </stockGenerators>
  </TraderKindDef>
</Defs>