﻿<?xml version="1.0" encoding="utf-8"?>
<Defs>
  <HairDef>
    <defName>Vanya_FemaleArmada</defName>
    <label>Armada</label>
    <hairGender>Female</hairGender>
    <texPath>Vanya/Things/Pawn/Hairs/Vanya_FemaleArmada</texPath>
    <hairTags>
      <li>VanyaArmada</li>
    </hairTags>
  </HairDef>
  <HairDef>
    <defName>Vanya_MaleArmada</defName>
    <label>Armada</label>
    <hairGender>Male</hairGender>
    <texPath>Vanya/Things/Pawn/Hairs/Vanya_MaleArmada</texPath>
    <hairTags>
      <li>VanyaArmada</li>
    </hairTags>
  </HairDef>
</Defs>