﻿<?xml version="1.0" encoding="utf-8"?>
<Defs>
  <DamageDef Name="LocalInjuryBase_MTV" Abstract="True">
    <workerClass>DamageWorker_AddInjury</workerClass>
  </DamageDef>
  <DamageDef ParentName="LocalInjuryBase_MTV">
    <defName>Vanya_IgnoreBleed</defName>
    <label>Bleeding</label>
    <externalViolence>true</externalViolence>
    <deathMessage>{0} has bleed to death.</deathMessage>
    <hediff>Vanya_IgnoreBleed</hediff>
    <hediffSkin>Vanya_IgnoreBleed</hediffSkin>
    <hediffSolid>Crack</hediffSolid>
    <harmAllLayersUntilOutside>true</harmAllLayersUntilOutside>
    <impactSoundType>Slice</impactSoundType>
    <armorCategory></armorCategory>
    <minDamageToFragment>5</minDamageToFragment>
    <cutExtraTargetsCurve>
      <points>
        <li>0, 0</li>
        <li>0.6, 1</li>
        <li>0.9, 2</li>
        <li>1, 3</li>
      </points>
    </cutExtraTargetsCurve>
    <cutCleaveBonus>1.4</cutCleaveBonus>
  </DamageDef>
  <DamageDef ParentName="LocalInjuryBase_MTV">
    <defName>Vanya_IgnoreDiffusion</defName>
    <label>Pulse</label>
    <externalViolence>true</externalViolence>
    <deathMessage>{0} has being shot to death.</deathMessage>
    <hediff>Gunshot</hediff>
    <hediffSkin>Gunshot</hediffSkin>
    <hediffSolid>Crack</hediffSolid>
    <harmAllLayersUntilOutside>true</harmAllLayersUntilOutside>
    <impactSoundType>Slice</impactSoundType>
    <armorCategory></armorCategory>
    <minDamageToFragment>5</minDamageToFragment>
    <isExplosive>true</isExplosive>
    <defaultDamage>20</defaultDamage>
    <buildingDamageFactor>20</buildingDamageFactor>
    <explosionAffectOutsidePartsOnly>false</explosionAffectOutsidePartsOnly>
    <explosionCellMote>Mote_BlastDry</explosionCellMote>
    <explosionColorCenter>(1, 1, 1)</explosionColorCenter>
    <explosionColorEdge>(0.4, 0.9, 1)</explosionColorEdge>
    <soundExplosion>Explosion_Bomb</soundExplosion>
    <combatLogRules>Damage_Bomb</combatLogRules>
  </DamageDef>
  <DamageDef ParentName="LocalInjuryBase_MTV">
    <defName>Vanya_IgnoreDiffusionEX</defName>
    <label>Pulse</label>
    <externalViolence>true</externalViolence>
    <deathMessage>{0} has being shot to death.</deathMessage>
    <hediff>Gunshot</hediff>
    <hediffSkin>Gunshot</hediffSkin>
    <hediffSolid>Crack</hediffSolid>
    <harmAllLayersUntilOutside>true</harmAllLayersUntilOutside>
    <impactSoundType>Slice</impactSoundType>
    <armorCategory></armorCategory>
    <minDamageToFragment>5</minDamageToFragment>
    <isExplosive>true</isExplosive>
    <defaultDamage>20</defaultDamage>
    <buildingDamageFactor>100</buildingDamageFactor>
    <explosionAffectOutsidePartsOnly>false</explosionAffectOutsidePartsOnly>
    <explosionCellMote>Mote_BlastDry</explosionCellMote>
    <explosionColorCenter>(1, 1, 1)</explosionColorCenter>
    <explosionColorEdge>(0.8, 0.4, 1)</explosionColorEdge>
    <soundExplosion>Explosion_Bomb</soundExplosion>
    <combatLogRules>Damage_Bomb</combatLogRules>
  </DamageDef>
  <DamageDef ParentName="Flame">
    <defName>Vanya_Burn</defName>
    <label>Burn</label>
    <workerClass>DamageWorker_AddInjury</workerClass>
    <minDamageToFragment>5</minDamageToFragment>
  </DamageDef>
</Defs>