﻿<?xml version="1.0" encoding="utf-8"?>
<Patch>
  <Operation Class="PatchOperationConditional">
    <xpath>/Defs/ThingDef[defName = "Sandbags"]/damageMultipliers</xpath>
    <success>Always</success>
    <match Class="PatchOperationAdd">
      <xpath>/Defs/ThingDef[defName = "Sandbags"]/damageMultipliers</xpath>
      <value>
        <li>
          <damageDef>Vanya_IgnoreDiffusion</damageDef>
          <multiplier>0</multiplier>
        </li>
        <li>
          <damageDef>Vanya_IgnoreDiffusionEX</damageDef>
          <multiplier>0</multiplier>
        </li>
      </value>
    </match>
    <nomatch Class="PatchOperationAdd">
      <xpath>/Defs/ThingDef[defName = "Sandbags"]</xpath>
      <value>
        <damageMultipliers>
          <li>
            <damageDef>Vanya_IgnoreDiffusion</damageDef>
            <multiplier>0</multiplier>
          </li>
          <li>
            <damageDef>Vanya_IgnoreDiffusionEX</damageDef>
            <multiplier>0</multiplier>
          </li>
        </damageMultipliers>
      </value>
    </nomatch>
  </Operation>
</Patch>