﻿<?xml version="1.0" encoding="utf-8"?>
<Defs>
  <DifficultyDef>
    <defName>Polaris_Hell</defName>
    <label>&lt;b&gt;Lunatic&lt;/b&gt;</label>
    <description>Do not try this difficuly if you want to play this game normally.</description>
    <drawColor>(1,0.2,0.2)</drawColor>
    <isExtreme>true</isExtreme>
    <difficulty>8</difficulty>
    <threatScale>2</threatScale>
    <adaptationEffectFactor>0.3</adaptationEffectFactor>
    <colonistMoodOffset>-15</colonistMoodOffset>
    <tradePriceFactorLoss>0.3</tradePriceFactorLoss>
    <cropYieldFactor>0.67</cropYieldFactor>
    <mineYieldFactor>0.67</mineYieldFactor>
    <researchSpeedFactor>0.5</researchSpeedFactor>
    <diseaseIntervalFactor>0.67</diseaseIntervalFactor>
    <enemyReproductionRateFactor>1.5</enemyReproductionRateFactor>
    <playerPawnInfectionChanceFactor>1.4</playerPawnInfectionChanceFactor>
    <manhunterChanceOnDamageFactor>1.2</manhunterChanceOnDamageFactor>
    <deepDrillInfestationChanceFactor>1.5</deepDrillInfestationChanceFactor>
    <foodPoisonChanceFactor>1.33</foodPoisonChanceFactor>
    <maintenanceCostFactor>1.33</maintenanceCostFactor>
    <enemyDeathOnDownedChanceFactor>1</enemyDeathOnDownedChanceFactor>
    <adaptationGrowthRateFactorOverZero>1.5</adaptationGrowthRateFactorOverZero>
    <raidBeaconThreatCountFactor>1.5</raidBeaconThreatCountFactor>
  </DifficultyDef>
</Defs>