﻿<?xml version="1.0" encoding="utf-8"?>
<Defs>
  <StorytellerDef>
    <defName>Polaris_BoffinGloria</defName>
    <label>「Boffin」Gloria</label>
    <description>Gloria is always far away from disputes, and she prefers to watch people struggle and tangle in all kinds of troubles compared to endless wars.</description>
    <portraitLarge>Polarisbloc/UI/Storytellers/BoffinGloria</portraitLarge>
    <portraitTiny>Polarisbloc/UI/Storytellers/BoffinGloriaTiny</portraitTiny>
    <listOrder>66</listOrder>
    <populationIntentFactorFromPopCurve>
      <points>
        <li>0, 8</li>
        <li>1, 4</li>
        <li>4, 1</li>
        <li>15, 0.5</li>
        <li>26, 0</li>
        <li>35, -1</li>
      </points>
    </populationIntentFactorFromPopCurve>
    <populationIntentFactorFromPopAdaptDaysCurve>
      <points>
        <li>( 0, 0.2)</li>
        <li>(10, 1.00)</li>
      </points>
    </populationIntentFactorFromPopAdaptDaysCurve>
    <pointsFactorFromDaysPassed>
      <points>
        <li>( 0, 0.60)</li>
        <li>(50, 1.00)</li>
      </points>
    </pointsFactorFromDaysPassed>
    <adaptDaysMin>-60</adaptDaysMin>
    <adaptDaysMax>120</adaptDaysMax>
    <adaptDaysGameStartGraceDays>0</adaptDaysGameStartGraceDays>
    <adaptDaysLossFromColonistLostByPostPopulation>
      <points>
        <li>( 0, 30)</li>
        <!-- 30 days at normal pops; slightly lower at really high pop -->
        <li>(12, 30)</li>
        <li>(24, 24)</li>
      </points>
    </adaptDaysLossFromColonistLostByPostPopulation>
    <adaptDaysLossFromColonistViolentlyDownedByPopulation>
      <points>
        <li>(1,  9)</li>
        <li>(2,  7)</li>
        <li>(3,  5)</li>
        <li>(12, 4)</li>
        <li>(24, 3)</li>
      </points>
    </adaptDaysLossFromColonistViolentlyDownedByPopulation>
    <adaptDaysGrowthRateCurve>
      <points>
        <li>(-30.01,6)</li>
        <li>(-30,   3)</li>
        <li>(-0.01, 3)</li>
        <li>(0,     1)</li>
        <li>(59.99, 1)</li>
        <li>(60,    0.5)</li>
        <li>(99.99, 0.5)</li>
        <li>(100,   0.25)</li>
      </points>
    </adaptDaysGrowthRateCurve>
    <pointsFactorFromAdaptDays>
      <points>
        <li>(-40, 0.50)</li>
        <li>(  0, 0.92)</li>
        <li>( 60, 1.40)</li>
        <li>(150, 2.00)</li>
      </points>
    </pointsFactorFromAdaptDays>
    <comps>
      <!--base-->
      <li Class="StorytellerCompProperties_DeepDrillInfestation">
        <baseMtbDaysPerDrill>30</baseMtbDaysPerDrill>
        <allowedTargetTags>
          <li>Map_PlayerHome</li>
          <li>Map_TempIncident</li>
          <li>Map_Misc</li>
          <li>Map_RaidBeacon</li>
        </allowedTargetTags>
      </li>
      <!--Home main-->
      <li Class="StorytellerCompProperties_RandomMain">
        <allowedTargetTags>
          <li>Map_PlayerHome</li>
        </allowedTargetTags>
        <minDaysPassed>2</minDaysPassed>
        <mtbDays>1.03</mtbDays>
        <maxThreatBigIntervalDays>12</maxThreatBigIntervalDays>
        <minIncChancePopulationIntentFactor>0.2</minIncChancePopulationIntentFactor>
        <randomPointsFactorRange>0.5~1.1</randomPointsFactorRange>
        <skipThreatBigIfRaidBeacon>true</skipThreatBigIfRaidBeacon>
        <categoryWeights>
          <Misc>6.8</Misc>
          <OrbitalVisitor>1</OrbitalVisitor>
          <ThreatBig>0.5</ThreatBig>
          <ThreatSmall>0.7</ThreatSmall>
          <FactionArrival>1</FactionArrival>
          <ShipChunkDrop>0.3</ShipChunkDrop>
          <AllyAssistance>0.5</AllyAssistance>
        </categoryWeights>
      </li>
      <li Class="StorytellerCompProperties_OnOffCycle">
        <category>ThreatBig</category>
        <minDaysPassed>17.0</minDaysPassed>
        <onDays>3.33</onDays>
        <offDays>11.0</offDays>
        <minSpacingDays>1.2</minSpacingDays>
        <numIncidentsRange>1~2</numIncidentsRange>
        <forceRaidEnemyBeforeDaysPassed>40</forceRaidEnemyBeforeDaysPassed>
        <disallowedTargetTags>
          <li>Map_RaidBeacon</li>
        </disallowedTargetTags>
      </li>
      <li Class="StorytellerCompProperties_OnOffCycle">
        <category>ThreatSmall</category>
        <minDaysPassed>11.0</minDaysPassed>
        <onDays>4.0</onDays>
        <offDays>7.0</offDays>
        <numIncidentsRange>1~1.6</numIncidentsRange>
      </li>
      <li Class="StorytellerCompProperties_OnOffCycle">
        <allowedTargetTags>
          <li>Map_RaidBeacon</li>
        </allowedTargetTags>
        <offDays>1.2</offDays>
        <onDays>1.0</onDays>
        <minSpacingDays>0.04</minSpacingDays>
        <applyRaidBeaconThreatMtbFactor>true</applyRaidBeaconThreatMtbFactor>
        <numIncidentsRange>1~2</numIncidentsRange>
        <category>RaidBeacon</category>
      </li>
      <!-- Home misc -->
      <li Class="StorytellerCompProperties_Disease">
        <minDaysPassed>0</minDaysPassed>
        <category>DiseaseHuman</category>
      </li>
      <li Class="StorytellerCompProperties_Disease">
        <minDaysPassed>0</minDaysPassed>
        <category>DiseaseAnimal</category>
      </li>
      <li Class="StorytellerCompProperties_CategoryMTB">
        <minDaysPassed>30</minDaysPassed>
        <allowedTargetTags>
          <li>Map_PlayerHome</li>
          <li>Map_TempIncident</li>
        </allowedTargetTags>
        <mtbDays>11.16</mtbDays>
        <category>DiseaseHuman</category>
      </li>
      <!-- Ally/neutral interaction -->
      <li Class="StorytellerCompProperties_FactionInteraction">
        <incident>RaidFriendly</incident>
        <baseIncidentsPerYear>10</baseIncidentsPerYear>
        <minSpacingDays>0.7</minSpacingDays>
        <fullAlliesOnly>true</fullAlliesOnly>
        <minDanger>Low</minDanger>
      </li>
      <!-- Caravan / temp map -->
      <li Class="StorytellerCompProperties_CategoryIndividualMTBByBiome">
        <category>Misc</category>
        <allowedTargetTags>
          <li>Caravan</li>
          <li>Map_TempIncident</li>
        </allowedTargetTags>
      </li>
      <li Class="StorytellerCompProperties_CategoryIndividualMTBByBiome">
        <category>ThreatSmall</category>
        <applyCaravanVisibility>true</applyCaravanVisibility>
        <allowedTargetTags>
          <li>Caravan</li>
          <li>Map_TempIncident</li>
        </allowedTargetTags>
      </li>
      <li Class="StorytellerCompProperties_CategoryIndividualMTBByBiome">
        <category>ThreatBig</category>
        <applyCaravanVisibility>true</applyCaravanVisibility>
        <allowedTargetTags>
          <li>Caravan</li>
          <li>Map_TempIncident</li>
        </allowedTargetTags>
      </li>
      <!-- World -->
      <li Class="StorytellerCompProperties_JourneyOffer" />
      <li Class="StorytellerCompProperties_CategoryMTB">
        <category>WorldQuest</category>
        <allowedTargetTags>
          <li>World</li>
        </allowedTargetTags>
        <minDaysPassed>6</minDaysPassed>
        <mtbDays>5</mtbDays>
        <mtbDaysFactorByDaysPassedCurve>
          <points>
            <li>(6, 3)</li>
            <li>(35, 1.5)</li>
            <li>(80, 1)</li>
          </points>
        </mtbDaysFactorByDaysPassedCurve>
      </li>
      <li Class="StorytellerCompProperties_CategoryMTB">
        <category>Misc</category>
        <allowedTargetTags>
          <li>World</li>
        </allowedTargetTags>
        <minDaysPassed>5</minDaysPassed>
        <mtbDays>11.67</mtbDays>
      </li>
      <!-- Orbital -->
      <li Class="StorytellerCompProperties_OnOffCycle">
        <incident>OrbitalTraderArrival</incident>
        <onDays>12</onDays>
        <offDays>2</offDays>
        <numIncidentsRange>2</numIncidentsRange>
      </li>
      <!--special-->
      <li Class="StorytellerCompProperties_SingleMTB">
        <incident>ThrumboPasses</incident>
        <mtbDays>29</mtbDays>
      </li>
    </comps>
  </StorytellerDef>
  <StorytellerDef>
    <defName>Polaris_CoreAIVanya</defName>
    <label>「Wild AI」Vanya</label>
    <description>Vanya, originally a CCAI from a advanced mechanoid ship, evolved some basic uncontrollable emotions after fell to rimworld and lived with "Industrial" natives for a long time.</description>
    <portraitLarge>Polarisbloc/UI/Storytellers/CoreAIVanya</portraitLarge>
    <portraitTiny>Polarisbloc/UI/Storytellers/CoreAIVanyaTiny</portraitTiny>
    <listOrder>67</listOrder>
    <populationIntentFactorFromPopCurve>
      <points>
        <li>0, 8</li>
        <li>1, 4</li>
        <li>4, 1</li>
        <li>9, 0.5</li>
        <li>14, 0</li>
        <li>20, -1</li>
      </points>
    </populationIntentFactorFromPopCurve>
    <populationIntentFactorFromPopAdaptDaysCurve>
      <points>
        <li>( 0, 0.1)</li>
        <li>(10, 1.00)</li>
      </points>
    </populationIntentFactorFromPopAdaptDaysCurve>
    <pointsFactorFromDaysPassed>
      <points>
        <li>( 0, 0.60)</li>
        <li>(50, 1.00)</li>
      </points>
    </pointsFactorFromDaysPassed>
    <adaptDaysMin>-60</adaptDaysMin>
    <adaptDaysMax>150</adaptDaysMax>
    <adaptDaysGameStartGraceDays>10</adaptDaysGameStartGraceDays>
    <adaptDaysLossFromColonistLostByPostPopulation>
      <points>
        <li>( 0, 30)</li>
        <!-- 30 days at normal pops; slightly lower at really high pop -->
        <li>(12, 30)</li>
        <li>(24, 24)</li>
      </points>
    </adaptDaysLossFromColonistLostByPostPopulation>
    <adaptDaysLossFromColonistViolentlyDownedByPopulation>
      <points>
        <li>(1,  9)</li>
        <li>(2,  7)</li>
        <li>(3,  5)</li>
        <li>(12, 4)</li>
        <li>(24, 3)</li>
      </points>
    </adaptDaysLossFromColonistViolentlyDownedByPopulation>
    <adaptDaysGrowthRateCurve>
      <points>
        <li>(-30.01,6)</li>
        <li>(-30,   3)</li>
        <li>(-0.01, 3)</li>
        <li>(0,     1)</li>
        <li>(59.99, 1)</li>
        <li>(60,    0.5)</li>
        <li>(99.99, 0.5)</li>
        <li>(100,   0.25)</li>
      </points>
    </adaptDaysGrowthRateCurve>
    <pointsFactorFromAdaptDays>
      <points>
        <li>(-40, 0.50)</li>
        <li>(  0, 1.00)</li>
        <li>( 60, 1.48)</li>
        <li>(120, 2.00)</li>
        <li>(150, 2.40)</li>
      </points>
    </pointsFactorFromAdaptDays>
    <comps>
      <!--base-->
      <li Class="StorytellerCompProperties_DeepDrillInfestation">
        <baseMtbDaysPerDrill>22</baseMtbDaysPerDrill>
        <allowedTargetTags>
          <li>Map_PlayerHome</li>
          <li>Map_TempIncident</li>
          <li>Map_Misc</li>
          <li>Map_RaidBeacon</li>
        </allowedTargetTags>
      </li>
      <!--home main-->
      <li Class="StorytellerCompProperties_RandomMain">
        <allowedTargetTags>
          <li>Map_PlayerHome</li>
        </allowedTargetTags>
        <minDaysPassed>1</minDaysPassed>
        <mtbDays>1.06</mtbDays>
        <maxThreatBigIntervalDays>7</maxThreatBigIntervalDays>
        <minIncChancePopulationIntentFactor>0.2</minIncChancePopulationIntentFactor>
        <randomPointsFactorRange>0.5~1.5</randomPointsFactorRange>
        <skipThreatBigIfRaidBeacon>true</skipThreatBigIfRaidBeacon>
        <categoryWeights>
          <Misc>5.5</Misc>
          <OrbitalVisitor>1</OrbitalVisitor>
          <ThreatBig>0.65</ThreatBig>
          <ThreatSmall>0.7</ThreatSmall>
          <FactionArrival>1</FactionArrival>
          <AllyAssistance>0.6</AllyAssistance>
          <ShipChunkDrop>0.5</ShipChunkDrop>
        </categoryWeights>
      </li>
      <li Class="StorytellerCompProperties_OnOffCycle">
        <category>ThreatBig</category>
        <minDaysPassed>15.0</minDaysPassed>
        <onDays>4</onDays>
        <offDays>11</offDays>
        <minSpacingDays>1.0</minSpacingDays>
        <numIncidentsRange>2~3.3</numIncidentsRange>
        <forceRaidEnemyBeforeDaysPassed>35</forceRaidEnemyBeforeDaysPassed>
        <disallowedTargetTags>
          <li>Map_RaidBeacon</li>
        </disallowedTargetTags>
      </li>
      <li Class="StorytellerCompProperties_OnOffCycle">
        <category>ThreatSmall</category>
        <minDaysPassed>11.0</minDaysPassed>
        <onDays>3.3</onDays>
        <offDays>8.0</offDays>
        <numIncidentsRange>1~1.2</numIncidentsRange>
      </li>
      <li Class="StorytellerCompProperties_OnOffCycle">
        <allowedTargetTags>
          <li>Map_RaidBeacon</li>
        </allowedTargetTags>
        <offDays>0.9</offDays>
        <onDays>1.0</onDays>
        <minSpacingDays>0.04</minSpacingDays>
        <applyRaidBeaconThreatMtbFactor>true</applyRaidBeaconThreatMtbFactor>
        <numIncidentsRange>1~2</numIncidentsRange>
        <category>RaidBeacon</category>
      </li>
      <!--home misc-->
      <li Class="StorytellerCompProperties_Disease">
        <minDaysPassed>0</minDaysPassed>
        <category>DiseaseHuman</category>
      </li>
      <li Class="StorytellerCompProperties_Disease">
        <minDaysPassed>0</minDaysPassed>
        <category>DiseaseAnimal</category>
      </li>
      <!-- Ally/neutral interaction -->
      <li Class="StorytellerCompProperties_FactionInteraction">
        <incident>RaidFriendly</incident>
        <baseIncidentsPerYear>10</baseIncidentsPerYear>
        <minSpacingDays>0.6</minSpacingDays>
        <fullAlliesOnly>true</fullAlliesOnly>
        <minDanger>High</minDanger>
      </li>
      <!-- Caravan / temp map -->
      <li Class="StorytellerCompProperties_CategoryIndividualMTBByBiome">
        <category>Misc</category>
        <allowedTargetTags>
          <li>Caravan</li>
          <li>Map_TempIncident</li>
        </allowedTargetTags>
      </li>
      <li Class="StorytellerCompProperties_CategoryIndividualMTBByBiome">
        <category>ThreatSmall</category>
        <applyCaravanVisibility>true</applyCaravanVisibility>
        <allowedTargetTags>
          <li>Caravan</li>
          <li>Map_TempIncident</li>
        </allowedTargetTags>
      </li>
      <li Class="StorytellerCompProperties_CategoryIndividualMTBByBiome">
        <category>ThreatBig</category>
        <applyCaravanVisibility>true</applyCaravanVisibility>
        <allowedTargetTags>
          <li>Caravan</li>
          <li>Map_TempIncident</li>
        </allowedTargetTags>
      </li>
      <!-- World -->
      <li Class="StorytellerCompProperties_JourneyOffer" />
      <li Class="StorytellerCompProperties_CategoryMTB">
        <category>WorldQuest</category>
        <allowedTargetTags>
          <li>World</li>
        </allowedTargetTags>
        <minDaysPassed>1</minDaysPassed>
        <mtbDays>5.67</mtbDays>
        <mtbDaysFactorByDaysPassedCurve>
          <points>
            <li>(6, 3)</li>
            <li>(15, 2)</li>
            <li>(60, 1)</li>
          </points>
        </mtbDaysFactorByDaysPassedCurve>
      </li>
      <li Class="StorytellerCompProperties_CategoryMTB">
        <category>Misc</category>
        <allowedTargetTags>
          <li>World</li>
        </allowedTargetTags>
        <minDaysPassed>4</minDaysPassed>
        <mtbDays>12.89</mtbDays>
      </li>
      <!--special-->
      <li Class="StorytellerCompProperties_SingleMTB">
        <incident>OrbitalTraderArrival</incident>
        <mtbDays>9.98</mtbDays>
      </li>
      <li Class="StorytellerCompProperties_SingleMTB">
        <incident>ThrumboPasses</incident>
        <mtbDays>29</mtbDays>
      </li>
    </comps>
  </StorytellerDef>
  <StorytellerDef>
    <defName>Polaris_Thirteen</defName>
    <label>「Beserker」No.13</label>
    <description>No.13 started to fight against mechanoids with Chaser Armada since born. Her life is filled with frequent battles, and nothing can break her determination.</description>
    <portraitLarge>Polarisbloc/UI/Storytellers/Thirteen</portraitLarge>
    <portraitTiny>Polarisbloc/UI/Storytellers/ThirteenTiny</portraitTiny>
    <listOrder>68</listOrder>
    <populationIntentFactorFromPopCurve>
      <points>
        <li>0, 8</li>
        <li>4, 4</li>
        <li>8, 1</li>
        <li>16, 0.5</li>
        <li>24, 0</li>
        <li>60, -1</li>
      </points>
    </populationIntentFactorFromPopCurve>
    <populationIntentFactorFromPopAdaptDaysCurve>
      <points>
        <li>( -30, 0)</li>
        <li>( 0, 0.5)</li>
        <li>(10, 1.00)</li>
      </points>
    </populationIntentFactorFromPopAdaptDaysCurve>
    <pointsFactorFromDaysPassed>
      <points>
        <li>( 0, 0.60)</li>
        <li>(50, 1.00)</li>
        <li>(90, 1.00)</li>
        <li>(120, 1.40)</li>
      </points>
    </pointsFactorFromDaysPassed>
    <adaptDaysMin>-60</adaptDaysMin>
    <adaptDaysMax>150</adaptDaysMax>
    <adaptDaysGameStartGraceDays>30</adaptDaysGameStartGraceDays>
    <adaptDaysLossFromColonistLostByPostPopulation>
      <points>
        <li>( 0, 36)</li>
        <!-- 30 days at normal pops; slightly lower at really high pop -->
        <li>(12, 36)</li>
        <li>(24, 30)</li>
      </points>
    </adaptDaysLossFromColonistLostByPostPopulation>
    <adaptDaysLossFromColonistViolentlyDownedByPopulation>
      <points>
        <li>(1,  9)</li>
        <li>(2,  7)</li>
        <li>(3,  5)</li>
        <li>(12, 3)</li>
        <li>(24, 2)</li>
      </points>
    </adaptDaysLossFromColonistViolentlyDownedByPopulation>
    <adaptDaysGrowthRateCurve>
      <points>
        <li>(-30.01,6)</li>
        <li>(-30,   3)</li>
        <li>(-0.01, 3)</li>
        <li>(0,     1)</li>
        <li>(59.99, 1)</li>
        <li>(60,    0.6)</li>
        <li>(99.99, 0.6)</li>
        <li>(100,   0.4)</li>
        <li>(199.99,   0.33)</li>
        <li>(200,   0.25)</li>
      </points>
    </adaptDaysGrowthRateCurve>
    <pointsFactorFromAdaptDays>
      <points>
        <li>(-40, 0.60)</li>
        <li>(  0, 1.00)</li>
        <li>( 60, 1.72)</li>
        <li>(120, 2.20)</li>
        <li>(150, 2.80)</li>
      </points>
    </pointsFactorFromAdaptDays>
    <comps>
      <!--base-->
      <li Class="StorytellerCompProperties_DeepDrillInfestation">
        <baseMtbDaysPerDrill>16</baseMtbDaysPerDrill>
        <allowedTargetTags>
          <li>Map_PlayerHome</li>
          <li>Map_TempIncident</li>
          <li>Map_Misc</li>
          <li>Map_RaidBeacon</li>
        </allowedTargetTags>
      </li>
      <!--home main-->
      <li Class="StorytellerCompProperties_ClassicIntro" />
      <li Class="StorytellerCompProperties_OnOffCycle">
        <category>ThreatBig</category>
        <minDaysPassed>11.0</minDaysPassed>
        <onDays>2.47</onDays>
        <offDays>6.89</offDays>
        <minSpacingDays>0.6</minSpacingDays>
        <numIncidentsRange>3~3.5</numIncidentsRange>
        <forceRaidEnemyBeforeDaysPassed>30</forceRaidEnemyBeforeDaysPassed>
        <disallowedTargetTags>
          <li>Map_RaidBeacon</li>
        </disallowedTargetTags>
      </li>
      <li Class="StorytellerCompProperties_OnOffCycle">
        <category>ThreatSmall</category>
        <minDaysPassed>9.0</minDaysPassed>
        <onDays>2.9</onDays>
        <offDays>7.0</offDays>
        <numIncidentsRange>1.4~2</numIncidentsRange>
      </li>
      <li Class="StorytellerCompProperties_OnOffCycle">
        <allowedTargetTags>
          <li>Map_RaidBeacon</li>
        </allowedTargetTags>
        <offDays>0.5</offDays>
        <onDays>1.0</onDays>
        <minSpacingDays>0.04</minSpacingDays>
        <applyRaidBeaconThreatMtbFactor>true</applyRaidBeaconThreatMtbFactor>
        <numIncidentsRange>1~2</numIncidentsRange>
        <category>RaidBeacon</category>
      </li>
      <li Class="StorytellerCompProperties_RandomMain">
        <allowedTargetTags>
          <li>Map_PlayerHome</li>
        </allowedTargetTags>
        <minDaysPassed>15</minDaysPassed>
        <mtbDays>1.74</mtbDays>
        <maxThreatBigIntervalDays>12</maxThreatBigIntervalDays>
        <minIncChancePopulationIntentFactor>0.2</minIncChancePopulationIntentFactor>
        <randomPointsFactorRange>0.8~1.3</randomPointsFactorRange>
        <skipThreatBigIfRaidBeacon>true</skipThreatBigIfRaidBeacon>
        <categoryWeights>
          <Misc>2.67</Misc>
          <OrbitalVisitor>1.08</OrbitalVisitor>
          <ThreatBig>1.5</ThreatBig>
          <ThreatSmall>1.08</ThreatSmall>
          <FactionArrival>2.0</FactionArrival>
          <ShipChunkDrop>0.5</ShipChunkDrop>
          <AllyAssistance>1.17</AllyAssistance>
        </categoryWeights>
      </li>
      <li Class="StorytellerCompProperties_CategoryMTB">
        <category>Misc</category>
        <allowedTargetTags>
          <li>Map_PlayerHome</li>
        </allowedTargetTags>
        <minDaysPassed>5</minDaysPassed>
        <mtbDays>9.76</mtbDays>
      </li>
      <!-- Home misc -->
      <li Class="StorytellerCompProperties_Disease">
        <minDaysPassed>7</minDaysPassed>
        <category>DiseaseHuman</category>
      </li>
      <li Class="StorytellerCompProperties_Disease">
        <minDaysPassed>7</minDaysPassed>
        <category>DiseaseAnimal</category>
      </li>
      <li Class="StorytellerCompProperties_ShipChunkDrop" />
      <!-- Ally/neutral interaction -->
      <li Class="StorytellerCompProperties_FactionInteraction">
        <incident>RaidFriendly</incident>
        <baseIncidentsPerYear>15</baseIncidentsPerYear>
        <minSpacingDays>0.4</minSpacingDays>
        <fullAlliesOnly>true</fullAlliesOnly>
        <minDanger>High</minDanger>
      </li>
      <li Class="StorytellerCompProperties_FactionInteraction">
        <incident>TraderCaravanArrival</incident>
        <minDaysPassed>5</minDaysPassed>
        <baseIncidentsPerYear>3</baseIncidentsPerYear>
        <minSpacingDays>8</minSpacingDays>
        <allowedTargetTags>
          <li>Map_PlayerHome</li>
        </allowedTargetTags>
      </li>
      <!-- Caravan / temp map -->
      <li Class="StorytellerCompProperties_CategoryIndividualMTBByBiome">
        <category>Misc</category>
        <allowedTargetTags>
          <li>Caravan</li>
          <li>Map_TempIncident</li>
        </allowedTargetTags>
      </li>
      <li Class="StorytellerCompProperties_CategoryIndividualMTBByBiome">
        <category>ThreatSmall</category>
        <allowedTargetTags>
          <li>Caravan</li>
          <li>Map_TempIncident</li>
        </allowedTargetTags>
        <applyCaravanVisibility>true</applyCaravanVisibility>
      </li>
      <li Class="StorytellerCompProperties_CategoryIndividualMTBByBiome">
        <category>ThreatBig</category>
        <allowedTargetTags>
          <li>Caravan</li>
          <li>Map_TempIncident</li>
        </allowedTargetTags>
        <applyCaravanVisibility>true</applyCaravanVisibility>
      </li>
      <!-- World -->
      <li Class="StorytellerCompProperties_JourneyOffer" />
      <li Class="StorytellerCompProperties_CategoryMTB">
        <category>WorldQuest</category>
        <allowedTargetTags>
          <li>World</li>
        </allowedTargetTags>
        <minDaysPassed>6</minDaysPassed>
        <mtbDays>5</mtbDays>
        <mtbDaysFactorByDaysPassedCurve>
          <points>
            <li>(6, 4)</li>
            <li>(50, 1)</li>
          </points>
        </mtbDaysFactorByDaysPassedCurve>
      </li>
      <li Class="StorytellerCompProperties_CategoryMTB">
        <category>Misc</category>
        <allowedTargetTags>
          <li>World</li>
        </allowedTargetTags>
        <minDaysPassed>9</minDaysPassed>
        <mtbDays>16.67</mtbDays>
      </li>
      <!-- Orbital -->
      <li Class="StorytellerCompProperties_SingleMTB">
        <incident>OrbitalTraderArrival</incident>
        <mtbDays>11.7</mtbDays>
      </li>
      <li Class="StorytellerCompProperties_OnOffCycle">
        <incident>OrbitalTraderArrival</incident>
        <onDays>7</onDays>
        <offDays>12</offDays>
        <numIncidentsRange>1</numIncidentsRange>
      </li>
    </comps>
  </StorytellerDef>
</Defs>