﻿<?xml version="1.0" encoding="utf-8"?>
<Defs>
  <SiteCoreDef>
    <defName>Polaris_TradeShipPodCrashSiteCore</defName>
    <label>trade ship crash site</label>
    <description>A site of trade ship crashed.</description>
    <siteTexture>World/WorldObjects/Sites/GenericSite</siteTexture>
    <expandingIconTexture>Polarisbloc/WorldObjects/TradeShipPodCrash</expandingIconTexture>
  </SiteCoreDef>
  <GenStepDef>
    <defName>Polaris_TradeShipPodCrashSiteCore</defName>
    <linkWithSite>Polaris_TradeShipPodCrashSiteCore</linkWithSite>
    <order>460</order>
    <genStep Class="Polarisbloc_Incidents.GenStep_TradeShipPodCrash">
      <count>1</count>
      <nearMapCenter>true</nearMapCenter>
    </genStep>
  </GenStepDef>
</Defs>