﻿<?xml version="1.0" encoding="utf-8"?>
<Defs>
  <TraderKindDef>
    <defName>Vanya_MTCA_FactionBase</defName>
    <stockGenerators>
      <li Class="StockGenerator_SingleDef">
        <thingDef>Silver</thingDef>
        <countRange>
          <min>20000</min>
          <max>40000</max>
        </countRange>
      </li>
      <li Class="StockGenerator_SingleDef">
        <thingDef>Vanya_ConsciousnessCube</thingDef>
        <price>Expensive</price>
        <countRange>
          <min>0</min>
          <max>1</max>
        </countRange>
      </li>
      <li Class="StockGenerator_SingleDef">
        <thingDef>Vanya_StabPowerCore</thingDef>
        <price>Expensive</price>
        <countRange>
          <min>0</min>
          <max>1</max>
        </countRange>
      </li>
      <li Class="StockGenerator_SingleDef">
        <thingDef>Vanya_CombatRations</thingDef>
        <countRange>
          <min>50</min>
          <max>120</max>
        </countRange>
      </li>
      <!--base-->
      <li Class="StockGenerator_SingleDef">
        <thingDef>ComponentIndustrial</thingDef>
        <countRange>
          <min>100</min>
          <max>400</max>
        </countRange>
      </li>
      <li Class="StockGenerator_SingleDef">
        <thingDef>Steel</thingDef>
        <countRange>
          <min>1000</min>
          <max>1500</max>
        </countRange>
      </li>
      <li Class="StockGenerator_SingleDef">
        <thingDef>WoodLog</thingDef>
        <countRange>
          <min>800</min>
          <max>1500</max>
        </countRange>
      </li>
      <li Class="StockGenerator_SingleDef">
        <thingDef>Plasteel</thingDef>
        <countRange>
          <min>300</min>
          <max>1200</max>
        </countRange>
      </li>
      <li Class="StockGenerator_SingleDef">
        <thingDef>Cloth</thingDef>
        <countRange>
          <min>-200</min>
          <max>600</max>
        </countRange>
      </li>
      <li Class="StockGenerator_SingleDef">
        <thingDef>Gold</thingDef>
        <countRange>
          <min>500</min>
          <max>2000</max>
        </countRange>
      </li>
      <li Class="StockGenerator_Category">
        <categoryDef>Textiles</categoryDef>
        <thingDefCountRange>
          <min>4</min>
          <max>6</max>
        </thingDefCountRange>
        <totalPriceRange>
          <min>2200</min>
          <max>4000</max>
        </totalPriceRange>
      </li>
      <li Class="StockGenerator_Category">
        <categoryDef>ResourcesRaw</categoryDef>
        <thingDefCountRange>
          <min>2</min>
          <max>4</max>
        </thingDefCountRange>
        <totalPriceRange>
          <min>1500</min>
          <max>3000</max>
        </totalPriceRange>
      </li>
      <li Class="StockGenerator_Category">
        <categoryDef>FoodRaw</categoryDef>
        <thingDefCountRange>
          <min>2</min>
          <max>8</max>
        </thingDefCountRange>
        <totalPriceRange>
          <min>1600</min>
          <max>5000</max>
        </totalPriceRange>
      </li>
      <li Class="StockGenerator_Category">
        <categoryDef>FoodMeals</categoryDef>
        <thingDefCountRange>
          <min>1</min>
          <max>2</max>
        </thingDefCountRange>
        <totalPriceRange>
          <min>500</min>
          <max>1500</max>
        </totalPriceRange>
      </li>
      <li Class="StockGenerator_SingleDef">
        <thingDef>Neutroamine</thingDef>
        <countRange>
          <min>400</min>
          <max>800</max>
        </countRange>
      </li>
      <li Class="StockGenerator_SingleDef">
        <thingDef>Chemfuel</thingDef>
        <countRange>
          <min>200</min>
          <max>600</max>
        </countRange>
      </li>
      <li Class="StockGenerator_SingleDef">
        <thingDef>Chocolate</thingDef>
        <totalPriceRange>
          <min>-700</min>
          <max>2000</max>
        </totalPriceRange>
      </li>
      <li Class="StockGenerator_SingleDef">
        <thingDef>Beer</thingDef>
        <totalPriceRange>
          <min>-700</min>
          <max>2000</max>
        </totalPriceRange>
      </li>
      <li Class="StockGenerator_SingleDef">
        <thingDef>MedicineUltratech</thingDef>
        <countRange>
          <min>30</min>
          <max>50</max>
        </countRange>
      </li>
      <li Class="StockGenerator_Category">
        <categoryDef>BuildingsFurniture</categoryDef>
        <thingDefCountRange>
          <min>3</min>
          <max>4</max>
        </thingDefCountRange>
        <countRange>
          <min>1</min>
          <max>2</max>
        </countRange>
      </li>
      <li Class="StockGenerator_Clothes">
        <countRange>
          <min>10</min>
          <max>20</max>
        </countRange>
      </li>
      <li Class="StockGenerator_Category">
        <categoryDef>Drugs</categoryDef>
        <thingDefCountRange>
          <min>6</min>
          <max>12</max>
        </thingDefCountRange>
        <totalPriceRange>
          <min>4000</min>
          <max>8000</max>
        </totalPriceRange>
      </li>
      <li Class="StockGenerator_MultiDef">
        <thingDefs>
          <li>Kibble</li>
          <li>Pemmican</li>
        </thingDefs>
      </li>
      <li Class="StockGenerator_WeaponsRanged">
        <countRange>
          <min>4</min>
          <max>8</max>
        </countRange>
      </li>
      <li Class="StockGenerator_Category">
        <categoryDef>WeaponsMelee</categoryDef>
        <thingDefCountRange>
          <min>3</min>
          <max>5</max>
        </thingDefCountRange>
        <totalPriceRange>
          <min>800</min>
          <max>2500</max>
        </totalPriceRange>
      </li>
      <li Class="StockGenerator_Armor">
        <countRange>
          <min>4</min>
          <max>10</max>
        </countRange>
      </li>
      <li Class="StockGenerator_Tag">
        <tradeTag>TechHediff</tradeTag>
        <thingDefCountRange>
          <min>4</min>
          <max>7</max>
        </thingDefCountRange>
        <countRange>
          <min>1</min>
          <max>1</max>
        </countRange>
      </li>
      <li Class="StockGenerator_Tag">
        <tradeTag>ExoticMisc</tradeTag>
        <thingDefCountRange>
          <min>1</min>
          <max>4</max>
        </thingDefCountRange>
        <countRange>
          <min>1</min>
          <max>2</max>
        </countRange>
        <excludedThingDefs>
          <li>Luciferium</li>
          <!-- already handled by drugs -->
          <li>ComponentSpacer</li>
          <!-- already handled by single def -->
        </excludedThingDefs>
        <customCountRanges>
          <MedicineUltratech>2~15</MedicineUltratech>
        </customCountRanges>
      </li>
      <li Class="StockGenerator_Tag">
        <tradeTag>Artifact</tradeTag>
        <thingDefCountRange>
          <min>1</min>
          <max>6</max>
        </thingDefCountRange>
        <countRange>
          <min>1</min>
          <max>2</max>
        </countRange>
      </li>
      <li Class="StockGenerator_Category">
        <categoryDef>Apparel</categoryDef>
        <thingDefCountRange>
          <min>3</min>
          <max>6</max>
        </thingDefCountRange>
        <totalPriceRange>
          <min>3000</min>
          <max>12000</max>
        </totalPriceRange>
        <countRange>
          <min>1</min>
          <max>7</max>
        </countRange>
      </li>
      <li Class="StockGenerator_Art">
        <countRange>
          <min>5</min>
          <max>10</max>
        </countRange>
      </li>
      <li Class="StockGenerator_Tag">
        <tradeTag>Television</tradeTag>
        <thingDefCountRange>
          <min>2</min>
          <max>3</max>
        </thingDefCountRange>
        <countRange>
          <min>-2</min>
          <max>7</max>
        </countRange>
      </li>
      <li Class="StockGenerator_SingleDef">
        <thingDef>Telescope</thingDef>
        <countRange>
          <min>-5</min>
          <max>20</max>
        </countRange>
      </li>
      <li Class="StockGenerator_Slaves">
        <countRange>
          <min>-1</min>
          <max>2</max>
        </countRange>
      </li>
      <li Class="StockGenerator_BuyExpensiveSimple" />
      <li Class="StockGenerator_Category">
        <categoryDef>Weapons</categoryDef>
      </li>
      <li Class="StockGenerator_Techprints">
        <countChances>
          <li>
            <count>1</count>
            <chance>0.4</chance>
          </li>
          <li>
            <count>2</count>
            <chance>0.4</chance>
          </li>
          <li>
            <count>1</count>
            <chance>0.8</chance>
          </li>
        </countChances>
      </li>
      <li Class="StockGenerator_BuyTradeTag">
        <tag>Art</tag>
      </li>
      <li Class="StockGenerator_BuyTradeTag">
        <tag>ImplantEmpireCommon</tag>
      </li>
      <li Class="StockGenerator_BuyTradeTag">
        <tag>ImplantEmpireCommon</tag>
      </li>
      <li Class="StockGenerator_Category">
        <categoryDef>Neurotrainers</categoryDef>
        <thingDefCountRange>1~5</thingDefCountRange>
      </li>
    </stockGenerators>
  </TraderKindDef>
</Defs>