﻿<?xml version="1.0" encoding="utf-8"?>
<Defs>
  <RecipeDef Abstract="True" Name="SurgeryFlesh_MTV">
    <effectWorking>Surgery</effectWorking>
    <soundWorking>Recipe_Surgery</soundWorking>
    <workSpeedStat>MedicalOperationSpeed</workSpeedStat>
    <workSkill>Medicine</workSkill>
    <workSkillLearnFactor>16</workSkillLearnFactor>
  </RecipeDef>
  <RecipeDef ParentName="SurgeryFlesh_MTV">
    <defName>InstallVanya_StabPowerCore</defName>
    <label>Install stable energy core</label>
    <description>Install stable energy core.</description>
    <workerClass>Recipe_InstallImplant</workerClass>
    <jobString>Installing stable energy core.</jobString>
    <workAmount>2000</workAmount>
    <ingredients>
      <li>
        <filter>
          <categories>
            <li>Medicine</li>
          </categories>
        </filter>
        <count>3</count>
      </li>
      <li>
        <filter>
          <thingDefs>
            <li>Vanya_StabPowerCore</li>
          </thingDefs>
        </filter>
        <count>1</count>
      </li>
    </ingredients>
    <fixedIngredientFilter>
      <categories>
        <li>Medicine</li>
      </categories>
      <thingDefs>
        <li>Vanya_StabPowerCore</li>
      </thingDefs>
    </fixedIngredientFilter>
    <appliedOnFixedBodyParts>
      <li>Heart</li>
    </appliedOnFixedBodyParts>
    <addsHediff>Vanya_StabPowerCore</addsHediff>
    <recipeUsers>
      <li>Human</li>
    </recipeUsers>
  </RecipeDef>
  <RecipeDef ParentName="SurgeryFlesh_MTV">
    <defName>InstallVanya_ConsciousnessCube</defName>
    <label>Install thinking processor</label>
    <description>Install thinking processor.</description>
    <workerClass>Recipe_InstallImplant</workerClass>
    <jobString>Installing thinking processor.</jobString>
    <workAmount>2000</workAmount>
    <ingredients>
      <li>
        <filter>
          <categories>
            <li>Medicine</li>
          </categories>
        </filter>
        <count>3</count>
      </li>
      <li>
        <filter>
          <thingDefs>
            <li>Vanya_ConsciousnessCube</li>
          </thingDefs>
        </filter>
        <count>1</count>
      </li>
    </ingredients>
    <fixedIngredientFilter>
      <categories>
        <li>Medicine</li>
      </categories>
      <thingDefs>
        <li>Vanya_ConsciousnessCube</li>
      </thingDefs>
    </fixedIngredientFilter>
    <appliedOnFixedBodyParts>
      <li>Neck</li>
    </appliedOnFixedBodyParts>
    <addsHediff>Vanya_ConsciousnessCube</addsHediff>
    <recipeUsers>
      <li>Human</li>
    </recipeUsers>
  </RecipeDef>
</Defs>