﻿<?xml version="1.0" encoding="utf-8"?>
<Defs>
  <TraderKindDef>
    <defName>Vanya_Caravan_BootyTrader</defName>
    <label>booty trader</label>
    <stockGenerators>
      <li Class="StockGenerator_SingleDef">
        <thingDef>Silver</thingDef>
        <countRange>
          <min>2400</min>
          <max>3600</max>
        </countRange>
      </li>
      <li Class="StockGenerator_SingleDef">
        <thingDef>Vanya_ConsciousnessCube</thingDef>
        <price>Exorbitant</price>
        <countRange>
          <min>-3</min>
          <max>1</max>
        </countRange>
      </li>
      <li Class="StockGenerator_SingleDef">
        <thingDef>Vanya_StabPowerCore</thingDef>
        <price>Exorbitant</price>
        <countRange>
          <min>-3</min>
          <max>1</max>
        </countRange>
      </li>
      <li Class="StockGenerator_SingleDef">
        <thingDef>Vanya_CombatRations</thingDef>
        <countRange>
          <min>12</min>
          <max>50</max>
        </countRange>
      </li>
      <!--V-->
      <li Class="StockGenerator_SingleDef">
        <thingDef>ComponentIndustrial</thingDef>
        <price>Expensive</price>
        <countRange>
          <min>20</min>
          <max>30</max>
        </countRange>
      </li>
      <li Class="StockGenerator_WeaponsRanged">
        <countRange>
          <min>8</min>
          <max>12</max>
        </countRange>
      </li>
      <li Class="StockGenerator_Armor">
        <countRange>
          <min>3</min>
          <max>8</max>
        </countRange>
      </li>
      <li Class="StockGenerator_Tag">
        <tradeTag>TechHediff</tradeTag>
        <thingDefCountRange>
          <min>0</min>
          <max>4</max>
        </thingDefCountRange>
        <countRange>
          <min>1</min>
          <max>1</max>
        </countRange>
      </li>
      <li Class="StockGenerator_Clothes">
        <countRange>
          <min>1</min>
          <max>4</max>
        </countRange>
      </li>
      <li Class="StockGenerator_Category">
        <categoryDef>Drugs</categoryDef>
        <thingDefCountRange>
          <min>3</min>
          <max>5</max>
        </thingDefCountRange>
        <totalPriceRange>
          <min>1200</min>
          <max>2000</max>
        </totalPriceRange>
      </li>
      <li Class="StockGenerator_SingleDef">
        <thingDef>Chocolate</thingDef>
        <totalPriceRange>
          <min>-50</min>
          <max>800</max>
        </totalPriceRange>
      </li>
      <li Class="StockGenerator_SingleDef">
        <thingDef>Gold</thingDef>
        <countRange>
          <min>-40</min>
          <max>120</max>
        </countRange>
      </li>
      <li Class="StockGenerator_Category">
        <categoryDef>Apparel</categoryDef>
        <thingDefCountRange>
          <min>1</min>
          <max>2</max>
        </thingDefCountRange>
        <totalPriceRange>
          <min>2000</min>
          <max>6000</max>
        </totalPriceRange>
        <countRange>
          <min>1</min>
          <max>2</max>
        </countRange>
      </li>
      <li Class="StockGenerator_Tag">
        <tradeTag>ExoticMisc</tradeTag>
        <thingDefCountRange>
          <min>2</min>
          <max>4</max>
        </thingDefCountRange>
        <countRange>
          <min>1</min>
          <max>2</max>
        </countRange>
      </li>
      <li Class="StockGenerator_SingleDef">
        <thingDef>MedicineUltratech</thingDef>
        <countRange>
          <min>2</min>
          <max>10</max>
        </countRange>
      </li>
      <li Class="StockGenerator_Tag">
        <tradeTag>Artifact</tradeTag>
        <thingDefCountRange>
          <min>1</min>
          <max>3</max>
        </thingDefCountRange>
        <countRange>
          <min>1</min>
          <max>1</max>
        </countRange>
      </li>
      <li Class="StockGenerator_BuyExpensiveSimple" />
      <li Class="StockGenerator_BuyWeirdOrganic" />
      <!--own-->
      <li Class="StockGenerator_Category">
        <categoryDef>Weapons</categoryDef>
      </li>
      <li Class="StockGenerator_BuyArt" />
    </stockGenerators>
  </TraderKindDef>
</Defs>