﻿<?xml version="1.0" encoding="utf-8"?>
<Defs>
  <ThingDef ParentName="ApparelBase_MTV">
    <defName>Vanya_ChaserShieldBelt</defName>
    <label>Chaser shield belt</label>
    <description>This is an experimental shield made by Chaser Armada, it can absorb any kind of damage meanwhile let the user able to shoot.</description>
    <thingClass>Vanya_Chaser.Vanya_ChaserShieldBelt</thingClass>
    <graphicData>
      <texPath>Things/Pawn/Humanlike/Apparel/ShieldBelt/ShieldBelt</texPath>
      <graphicClass>Graphic_Single</graphicClass>
      <color>(102,25,25)</color>
    </graphicData>
    <tickerType>Normal</tickerType>
    <statBases>
      <MarketValue>1800</MarketValue>
      <Mass>2</Mass>
      <EnergyShieldRechargeRate>0.04</EnergyShieldRechargeRate>
      <EnergyShieldEnergyMax>0.5</EnergyShieldEnergyMax>
      <DeteriorationRate>0</DeteriorationRate>
      <MaxHitPoints>120</MaxHitPoints>
      <EquipDelay>2</EquipDelay>
    </statBases>
    <thingCategories>
      <li>Apparel</li>
    </thingCategories>
    <apparel>
      <careIfWornByCorpse>false</careIfWornByCorpse>
      <bodyPartGroups>
        <li>Waist</li>
      </bodyPartGroups>
      <layers>
        <li>Belt</li>
      </layers>
      <tags></tags>
    </apparel>
    <costList>
      <ComponentIndustrial>4</ComponentIndustrial>
      <Steel>50</Steel>
      <Plasteel>20</Plasteel>
      <Uranium>1</Uranium>
    </costList>
  </ThingDef>
</Defs>