﻿<?xml version="1.0" encoding="utf-8"?>
<Defs>
  <ThingDef Abstract="True" Name="BaseWeapon_MTV">
    <thingClass>ThingWithComps</thingClass>
    <category>Item</category>
    <drawGUIOverlay>true</drawGUIOverlay>
    <altitudeLayer>Item</altitudeLayer>
    <alwaysHaulable>true</alwaysHaulable>
    <tickerType>Never</tickerType>
    <equipmentType>Primary</equipmentType>
    <useHitPoints>true</useHitPoints>
    <pathCost>10</pathCost>
    <selectable>true</selectable>
    <statBases>
      <MaxHitPoints>200</MaxHitPoints>
      <Flammability>0</Flammability>
      <DeteriorationRate>0.5</DeteriorationRate>
      <Beauty>0</Beauty>
      <SellPriceFactor>0.22</SellPriceFactor>
    </statBases>
    <comps>
      <li Class="CompProperties_Forbiddable" />
      <li>
        <compClass>CompEquippable</compClass>
      </li>
    </comps>
    <graphicData>
      <onGroundRandomRotateAngle>35</onGroundRandomRotateAngle>
    </graphicData>
    <tradeability>Sellable</tradeability>
    <tradeTags>
      <li>ExoticMisc</li>
    </tradeTags>
    <smeltable>false</smeltable>
  </ThingDef>
  <!--gunsBase-->
  <ThingDef Name="BaseGun_MTV" Abstract="True" ParentName="BaseWeapon_MTV">
    <techLevel>Ultra</techLevel>
    <smeltable>false</smeltable>
    <inspectorTabs>
      <li>ITab_Art</li>
    </inspectorTabs>
    <comps>
      <li>
        <compClass>CompQuality</compClass>
      </li>
    </comps>
  </ThingDef>
  <ThingDef Name="BaseMechGun_MTV" ParentName="BaseGun_MTV" Abstract="True">
    <thingCategories>
      <li>Vanya_WeaponMech</li>
    </thingCategories>
    <equippedStatOffsets>
      <WorkSpeedGlobal>-0.2</WorkSpeedGlobal>
    </equippedStatOffsets>
  </ThingDef>
  <ThingDef Name="BaseBullet_MTV" Abstract="True">
    <category>Projectile</category>
    <tickerType>Normal</tickerType>
    <altitudeLayer>Projectile</altitudeLayer>
    <thingClass>Bullet</thingClass>
    <label>bullet</label>
    <useHitPoints>False</useHitPoints>
    <neverMultiSelect>True</neverMultiSelect>
    <graphicData>
      <shaderType>Transparent</shaderType>
    </graphicData>
  </ThingDef>
  <!--meleesBase-->
  <ThingDef Name="BaseMeleeWeapon_MTV" Abstract="True" ParentName="BaseWeapon_MTV">
    <techLevel>Ultra</techLevel>
    <smeltable>false</smeltable>
    <weaponTags>
      <li>MTVMelee</li>
    </weaponTags>
    <thingCategories>
      <li>WeaponsMelee</li>
    </thingCategories>
    <comps>
      <li>
        <compClass>CompQuality</compClass>
      </li>
    </comps>
    <inspectorTabs>
      <li>ITab_Art</li>
    </inspectorTabs>
    <tradeability>All</tradeability>
  </ThingDef>
  <!--grenades-->
  <ThingDef ParentName="BaseWeapon_MTV">
    <defName>Vanya_Grenade</defName>
    <label>small pulse bomb</label>
    <description>Single use pulse bomb, used to deconstruct buildings.</description>
    <graphicData>
      <texPath>Vanya/Things/Item/Equipment/Vanya_Grenade</texPath>
      <graphicClass>Graphic_Single</graphicClass>
    </graphicData>
    <soundInteract>Interact_Grenade</soundInteract>
    <techLevel>Ultra</techLevel>
    <statBases>
      <MarketValue>500</MarketValue>
      <Mass>1</Mass>
      <RangedWeapon_Cooldown>3.66</RangedWeapon_Cooldown>
    </statBases>
    <weaponTags>
      <li>MTVGrenade</li>
    </weaponTags>
    <thingCategories>
      <li>Vanya_WeaponMech</li>
    </thingCategories>
    <verbs>
      <li>
        <label>throw pulse bomb</label>
        <verbClass>Verb_ShootOneUse</verbClass>
        <hasStandardCommand>true</hasStandardCommand>
        <range>10</range>
        <forcedMissRadius>1.0</forcedMissRadius>
        <warmupTime>0.5</warmupTime>
        <noiseRadius>4</noiseRadius>
        <ai_IsBuildingDestroyer>true</ai_IsBuildingDestroyer>
        <soundCast>ThrowGrenade</soundCast>
        <targetParams>
          <canTargetLocations>true</canTargetLocations>
        </targetParams>
        <defaultProjectile>Proj_Vanya_Grenade</defaultProjectile>
        <rangedFireRulepack>Combat_RangedFire_Thrown</rangedFireRulepack>
      </li>
    </verbs>
    <tradeability>None</tradeability>
    <destroyOnDrop>True</destroyOnDrop>
    <menuHidden>True</menuHidden>
  </ThingDef>
  <ThingDef>
    <defName>Proj_Vanya_Grenade</defName>
    <label>small pulse bomb</label>
    <category>Projectile</category>
    <altitudeLayer>Projectile</altitudeLayer>
    <thingClass>Projectile_Explosive</thingClass>
    <tickerType>Normal</tickerType>
    <useHitPoints>False</useHitPoints>
    <neverMultiSelect>True</neverMultiSelect>
    <graphicData>
      <shaderType>Transparent</shaderType>
      <texPath>Vanya/Things/Item/Equipment/Vanya_Grenade</texPath>
      <graphicClass>Graphic_Single</graphicClass>
    </graphicData>
    <projectile>
      <explosionRadius>1.8</explosionRadius>
      <damageDef>Vanya_IgnoreDiffusionEX</damageDef>
      <damageAmountBase>14</damageAmountBase>
      <explosionDelay>180</explosionDelay>
      <speed>20</speed>
      <flyOverhead>false</flyOverhead>
    </projectile>
  </ThingDef>
  <!--Melees-->
  <ThingDef ParentName="BaseMeleeWeapon_MTV">
    <defName>Vanya_PlasmaSword</defName>
    <label>Plasma sword</label>
    <description>Release energy to form stable plasma blade, deal high damage.</description>
    <graphicData>
      <texPath>Vanya/Things/Item/Equipment/Vanya_PlasmaSword</texPath>
      <graphicClass>Graphic_Single</graphicClass>
    </graphicData>
    <statBases>
      <Mass>0.8</Mass>
      <MarketValue>860</MarketValue>
    </statBases>
    <equippedAngleOffset>-25</equippedAngleOffset>
    <comps>
      <li Class="CompProperties_Glower">
        <glowRadius>1</glowRadius>
        <glowColor>(127,255,255,0)</glowColor>
      </li>
    </comps>
    <equippedStatOffsets>
      <MoveSpeed>1</MoveSpeed>
    </equippedStatOffsets>
    <tools>
      <li>
        <label>handle</label>
        <capacities>
          <li>Blunt</li>
        </capacities>
        <power>9</power>
        <cooldownTime>1.6</cooldownTime>
        <chanceFactor>0.3</chanceFactor>
      </li>
      <li>
        <label>blade</label>
        <capacities>
          <li>Vanya_Burn</li>
        </capacities>
        <power>23</power>
        <cooldownTime>1.87</cooldownTime>
      </li>
      <li>
        <label>point</label>
        <capacities>
          <li>Vanya_Burn</li>
        </capacities>
        <power>27</power>
        <cooldownTime>1.87</cooldownTime>
      </li>
    </tools>
  </ThingDef>
  <ThingDef ParentName="BaseMeleeWeapon_MTV">
    <defName>Vanya_VibrateKnife</defName>
    <label>Electromagnetic vibrate knife</label>
    <description>Knife blade vibrate with high frequency, can cut through any defence, the vibration can cause mass bleeding.</description>
    <graphicData>
      <texPath>Vanya/Things/Item/Equipment/Vanya_VibrateKnife</texPath>
      <graphicClass>Graphic_Single</graphicClass>
    </graphicData>
    <statBases>
      <Mass>0.8</Mass>
      <MarketValue>860</MarketValue>
    </statBases>
    <equippedAngleOffset>-15</equippedAngleOffset>
    <equippedStatOffsets>
      <MoveSpeed>1</MoveSpeed>
    </equippedStatOffsets>
    <tools>
      <li>
        <label>handle</label>
        <capacities>
          <li>Blunt</li>
        </capacities>
        <power>10</power>
        <cooldownTime>1.6</cooldownTime>
        <chanceFactor>0.3</chanceFactor>
      </li>
      <li>
        <label>blade</label>
        <capacities>
          <li>Vanya_IgnoreBleed</li>
        </capacities>
        <power>10</power>
        <cooldownTime>2.13</cooldownTime>
      </li>
      <li>
        <label>point</label>
        <capacities>
          <li>Vanya_IgnoreBleed</li>
        </capacities>
        <power>12</power>
        <cooldownTime>2.13</cooldownTime>
      </li>
    </tools>
  </ThingDef>
  <!--MechanoidGuns-->
  <ThingDef ParentName="BaseBullet_MTV">
    <defName>Bullet_Vanya_KineticLancer</defName>
    <label>Kinetic lancer</label>
    <graphicData>
      <texPath>Vanya/Things/Projectile/Bullet_Vanya_KineticLancer</texPath>
      <graphicClass>Graphic_Single</graphicClass>
      <shaderType>TransparentPostLight</shaderType>
      <drawSize>(2,2)</drawSize>
    </graphicData>
    <thingClass>Projectile_Explosive</thingClass>
    <projectile>
      <damageDef>Vanya_IgnoreDiffusionEX</damageDef>
      <damageAmountBase>12</damageAmountBase>
      <speed>95</speed>
      <flyOverhead>true</flyOverhead>
      <explosionRadius>0.7</explosionRadius>
      <stoppingPower>1.5</stoppingPower>
    </projectile>
  </ThingDef>
  <ThingDef ParentName="BaseMechGun_MTV">
    <defName>Vanya_KineticLancer</defName>
    <label>Kinetic lancer</label>
    <description>Use electromagnetic accelerator to shoot wolframium lancer, can deal large damage to bionts.</description>
    <graphicData>
      <texPath>Vanya/Things/Item/Equipment/Vanya_KineticLancer</texPath>
      <graphicClass>Graphic_Single</graphicClass>
    </graphicData>
    <statBases>
      <Mass>10</Mass>
      <AccuracyTouch>0.6</AccuracyTouch>
      <AccuracyShort>0.64</AccuracyShort>
      <AccuracyMedium>0.6</AccuracyMedium>
      <AccuracyLong>0.5</AccuracyLong>
      <RangedWeapon_Cooldown>1.33</RangedWeapon_Cooldown>
      <MarketValue>1000</MarketValue>
    </statBases>
    <weaponTags>
      <li>MTVMechGunA</li>
    </weaponTags>
    <verbs>
      <li>
        <verbClass>Verb_Shoot</verbClass>
        <hasStandardCommand>true</hasStandardCommand>
        <defaultProjectile>Bullet_Vanya_KineticLancer</defaultProjectile>
        <warmupTime>1</warmupTime>
        <range>28</range>
        <burstShotCount>1</burstShotCount>
        <soundCast>ChargeLance_Fire</soundCast>
        <soundCastTail>GunTail_Heavy</soundCastTail>
        <muzzleFlashScale>9</muzzleFlashScale>
        <requireLineOfSight>false</requireLineOfSight>
        <forcedMissRadius>0.87</forcedMissRadius>
      </li>
    </verbs>
    <soundInteract>Interact_Rifle</soundInteract>
  </ThingDef>
  <ThingDef ParentName="BaseBullet_MTV">
    <defName>Bullet_Vanya_SplitRifle</defName>
    <label>bullet</label>
    <graphicData>
      <texPath>Vanya/Things/Projectile/Bullet_Vanya_Normal</texPath>
      <graphicClass>Graphic_Single</graphicClass>
      <shaderType>TransparentPostLight</shaderType>
      <drawSize>(1,1)</drawSize>
    </graphicData>
    <projectile>
      <damageDef>Bullet</damageDef>
      <damageAmountBase>12</damageAmountBase>
      <speed>100</speed>
      <stoppingPower>0.85</stoppingPower>
      <armorPenetrationBase>0.4</armorPenetrationBase>
    </projectile>
  </ThingDef>
  <ThingDef ParentName="BaseMechGun_MTV">
    <defName>Vanya_SplitRifle</defName>
    <label>split rifle</label>
    <description>Use electromagnetic accelerator to shoot bullets, high firing speed, high accuracy.</description>
    <graphicData>
      <texPath>Vanya/Things/Item/Equipment/Vanya_SplitRifle</texPath>
      <graphicClass>Graphic_Single</graphicClass>
    </graphicData>
    <statBases>
      <Mass>10</Mass>
      <AccuracyTouch>0.8</AccuracyTouch>
      <AccuracyShort>0.75</AccuracyShort>
      <AccuracyMedium>0.64</AccuracyMedium>
      <AccuracyLong>0.52</AccuracyLong>
      <RangedWeapon_Cooldown>1</RangedWeapon_Cooldown>
      <MarketValue>1000</MarketValue>
    </statBases>
    <weaponTags>
      <li>MTVMechGunA</li>
      <li>MTVMechGunB</li>
    </weaponTags>
    <verbs>
      <li>
        <verbClass>Verb_Shoot</verbClass>
        <hasStandardCommand>true</hasStandardCommand>
        <defaultProjectile>Bullet_Vanya_SplitRifle</defaultProjectile>
        <warmupTime>2.33</warmupTime>
        <range>32</range>
        <burstShotCount>4</burstShotCount>
        <soundCast>Shot_ChargeRifle</soundCast>
        <soundCastTail>GunTail_Medium</soundCastTail>
        <muzzleFlashScale>9</muzzleFlashScale>
      </li>
    </verbs>
    <soundInteract>Interact_Rifle</soundInteract>
  </ThingDef>
  <ThingDef ParentName="BaseBullet_MTV">
    <defName>Bullet_Vanya_CTMinigun</defName>
    <label>bullet</label>
    <graphicData>
      <texPath>Vanya/Things/Projectile/Bullet_Vanya_Normal</texPath>
      <graphicClass>Graphic_Single</graphicClass>
      <shaderType>TransparentPostLight</shaderType>
      <drawSize>(1.5,1.5)</drawSize>
    </graphicData>
    <projectile>
      <damageDef>Bullet</damageDef>
      <damageAmountBase>10</damageAmountBase>
      <speed>90</speed>
      <stoppingPower>0.9</stoppingPower>
      <armorPenetrationBase>0.3</armorPenetrationBase>
    </projectile>
  </ThingDef>
  <ThingDef ParentName="BaseMechGun_MTV">
    <defName>Vanya_CTMinigun</defName>
    <label>Antiriot minigun</label>
    <description>Large mid range fire suppression weapon. It do its job great.</description>
    <graphicData>
      <texPath>Vanya/Things/Item/Equipment/Vanya_CTMinigun</texPath>
      <graphicClass>Graphic_Single</graphicClass>
    </graphicData>
    <statBases>
      <Mass>15</Mass>
      <AccuracyTouch>0.27</AccuracyTouch>
      <AccuracyShort>0.34</AccuracyShort>
      <AccuracyMedium>0.35</AccuracyMedium>
      <AccuracyLong>0.30</AccuracyLong>
      <RangedWeapon_Cooldown>2</RangedWeapon_Cooldown>
      <MarketValue>1200</MarketValue>
    </statBases>
    <weaponTags>
      <li>MTVMechGunB</li>
    </weaponTags>
    <verbs>
      <li>
        <verbClass>Verb_Shoot</verbClass>
        <hasStandardCommand>true</hasStandardCommand>
        <defaultProjectile>Bullet_Vanya_CTMinigun</defaultProjectile>
        <warmupTime>4.33</warmupTime>
        <range>24</range>
        <burstShotCount>18</burstShotCount>
        <soundCast>Shot_ChargeBlaster</soundCast>
        <soundCastTail>GunTail_Heavy</soundCastTail>
        <muzzleFlashScale>9</muzzleFlashScale>
        <ticksBetweenBurstShots>7</ticksBetweenBurstShots>
      </li>
    </verbs>
    <soundInteract>Interact_Rifle</soundInteract>
  </ThingDef>
  <!--MechanoidDogsGun-->
  <ThingDef ParentName="BaseBullet_MTV">
    <defName>Bullet_Vanya_BundlingBlaster</defName>
    <label>blaster</label>
    <graphicData>
      <texPath>Vanya/Things/Projectile/Vanya_BlueRocketSmall</texPath>
      <graphicClass>Graphic_Single</graphicClass>
      <shaderType>TransparentPostLight</shaderType>
      <drawSize>(2,2)</drawSize>
    </graphicData>
    <thingClass>Projectile_Explosive</thingClass>
    <projectile>
      <damageDef>Vanya_IgnoreDiffusionEX</damageDef>
      <damageAmountBase>3</damageAmountBase>
      <explosionRadius>2</explosionRadius>
      <speed>30</speed>
    </projectile>
  </ThingDef>
  <ThingDef ParentName="BaseMechGun_MTV">
    <defName>Vanya_BundlingBlaster</defName>
    <label>bundling blaster</label>
    <description>A single use multiple shot blaster, deal multiple times of damage in a wild range.</description>
    <graphicData>
      <texPath>Vanya/Things/Item/Equipment/Vanya_BundlingBlaster</texPath>
      <graphicClass>Graphic_Single</graphicClass>
    </graphicData>
    <statBases>
      <MarketValue>1200</MarketValue>
      <Mass>20</Mass>
      <AccuracyTouch>0.6</AccuracyTouch>
      <AccuracyShort>0.8</AccuracyShort>
      <AccuracyMedium>0.92</AccuracyMedium>
      <AccuracyLong>0.88</AccuracyLong>
      <RangedWeapon_Cooldown>3.2</RangedWeapon_Cooldown>
    </statBases>
    <weaponTags>
      <li>MTVMechGunC</li>
    </weaponTags>
    <tradeTags>
      <li>ExoticMisc</li>
    </tradeTags>
    <verbs>
      <li>
        <verbClass>Verb_ShootOneUse</verbClass>
        <hasStandardCommand>true</hasStandardCommand>
        <defaultProjectile>Bullet_Vanya_BundlingBlaster</defaultProjectile>
        <forcedMissRadius>9.5</forcedMissRadius>
        <warmupTime>2.0</warmupTime>
        <range>25</range>
        <ticksBetweenBurstShots>2</ticksBetweenBurstShots>
        <burstShotCount>9</burstShotCount>
        <soundCast>InfernoCannon_Fire</soundCast>
        <soundCastTail>GunTail_Heavy</soundCastTail>
        <onlyManualCast>true</onlyManualCast>
        <stopBurstWithoutLos>false</stopBurstWithoutLos>
        <targetParams>
          <canTargetLocations>true</canTargetLocations>
        </targetParams>
        <muzzleFlashScale>9</muzzleFlashScale>
      </li>
    </verbs>
  </ThingDef>
  <ThingDef ParentName="BaseBullet_MTV">
    <defName>Bullet_Vanya_DestoryerShocker</defName>
    <label>Destryer Shocker</label>
    <graphicData>
      <texPath>Vanya/Things/Projectile/Vanya_BlueRocketBig</texPath>
      <graphicClass>Graphic_Single</graphicClass>
      <shaderType>TransparentPostLight</shaderType>
      <drawSize>(1.5,1.5)</drawSize>
    </graphicData>
    <thingClass>Projectile_DoomsdayRocket</thingClass>
    <projectile>
      <damageDef>Bomb</damageDef>
      <damageAmountBase>9</damageAmountBase>
      <explosionRadius>3.6</explosionRadius>
      <speed>25</speed>
    </projectile>
  </ThingDef>
  <ThingDef ParentName="BaseMechGun_MTV">
    <defName>Vanya_DestoryerShocker</defName>
    <label>Destryer Shocker</label>
    <description>A single use large cannon, deal large area damage.</description>
    <graphicData>
      <texPath>Vanya/Things/Item/Equipment/Vanya_DestoryerShocker</texPath>
      <graphicClass>Graphic_Single</graphicClass>
    </graphicData>
    <statBases>
      <MarketValue>1200</MarketValue>
      <Mass>20</Mass>
      <AccuracyTouch>1.0</AccuracyTouch>
      <AccuracyShort>1.0</AccuracyShort>
      <AccuracyMedium>1.0</AccuracyMedium>
      <AccuracyLong>1.0</AccuracyLong>
      <RangedWeapon_Cooldown>3.2</RangedWeapon_Cooldown>
    </statBases>
    <weaponTags>
      <li>MTVMechGunD</li>
    </weaponTags>
    <tradeTags>
      <li>ExoticMisc</li>
    </tradeTags>
    <verbs>
      <li>
        <verbClass>Verb_ShootOneUse</verbClass>
        <hasStandardCommand>true</hasStandardCommand>
        <defaultProjectile>Bullet_Vanya_DestoryerShocker</defaultProjectile>
        <forcedMissRadius>3</forcedMissRadius>
        <warmupTime>3.3</warmupTime>
        <range>25</range>
        <burstShotCount>1</burstShotCount>
        <soundCast>InfernoCannon_Fire</soundCast>
        <soundCastTail>GunTail_Heavy</soundCastTail>
        <onlyManualCast>true</onlyManualCast>
        <targetParams>
          <canTargetLocations>true</canTargetLocations>
        </targetParams>
        <muzzleFlashScale>14</muzzleFlashScale>
      </li>
    </verbs>
  </ThingDef>
  <!--MechanoidRulerGun-->
  <ThingDef ParentName="BaseBullet_MTV">
    <defName>Bullet_Vanya_RailGun</defName>
    <label>Wolframium Shell</label>
    <graphicData>
      <texPath>Vanya/Things/Projectile/Bullet_Vanya_RailGun</texPath>
      <graphicClass>Graphic_Single</graphicClass>
      <shaderType>TransparentPostLight</shaderType>
      <drawSize>(1.2,1.2)</drawSize>
    </graphicData>
    <thingClass>Projectile_Explosive</thingClass>
    <projectile>
      <damageDef>Vanya_IgnoreDiffusionEX</damageDef>
      <damageAmountBase>23</damageAmountBase>
      <speed>90</speed>
      <explosionRadius>2.3</explosionRadius>
      <stoppingPower>2</stoppingPower>
    </projectile>
  </ThingDef>
  <ThingDef ParentName="BaseMechGun_MTV">
    <defName>Vanya_RailGun</defName>
    <label>Inquisitor railgun</label>
    <description>Use wolframium shell, a long range weapon.</description>
    <graphicData>
      <texPath>Vanya/Things/Item/Equipment/Vanya_RailGun</texPath>
      <graphicClass>Graphic_Single</graphicClass>
    </graphicData>
    <statBases>
      <Mass>10</Mass>
      <AccuracyTouch>0.5</AccuracyTouch>
      <AccuracyShort>0.66</AccuracyShort>
      <AccuracyMedium>0.66</AccuracyMedium>
      <AccuracyLong>0.55</AccuracyLong>
      <RangedWeapon_Cooldown>1.37</RangedWeapon_Cooldown>
      <MarketValue>1600</MarketValue>
    </statBases>
    <weaponTags>
      <li>MTVMechSniper</li>
    </weaponTags>
    <verbs>
      <li>
        <verbClass>Verb_Shoot</verbClass>
        <hasStandardCommand>true</hasStandardCommand>
        <defaultProjectile>Bullet_Vanya_RailGun</defaultProjectile>
        <warmupTime>2.97</warmupTime>
        <range>44</range>
        <burstShotCount>1</burstShotCount>
        <soundCast>ChargeLance_Fire</soundCast>
        <soundCastTail>GunTail_Heavy</soundCastTail>
        <muzzleFlashScale>9</muzzleFlashScale>
        <targetParams>
          <canTargetLocations>true</canTargetLocations>
        </targetParams>
        <forcedMissRadius>0.87</forcedMissRadius>
      </li>
    </verbs>
    <soundInteract>Interact_Rifle</soundInteract>
    <tradeability>None</tradeability>
    <destroyOnDrop>True</destroyOnDrop>
    <menuHidden>True</menuHidden>
  </ThingDef>
  <!--MechanoidFortressGun-->
  <ThingDef ParentName="BaseBullet_MTV">
    <defName>Bullet_Vanya_CompRocketLauncher</defName>
    <label>rocket</label>
    <graphicData>
      <texPath>Vanya/Things/Projectile/Bullet_Vanya_CompRocketLauncher</texPath>
      <graphicClass>Graphic_Single</graphicClass>
      <shaderType>TransparentPostLight</shaderType>
      <drawSize>(2,2)</drawSize>
    </graphicData>
    <thingClass>Projectile_DoomsdayRocket</thingClass>
    <projectile>
      <damageDef>Bomb</damageDef>
      <damageAmountBase>28</damageAmountBase>
      <explosionRadius>6.7</explosionRadius>
      <speed>67</speed>
      <stoppingPower>2</stoppingPower>
      <armorPenetrationBase>0.4</armorPenetrationBase>
    </projectile>
  </ThingDef>
  <ThingDef ParentName="BaseMechGun_MTV">
    <defName>Vanya_CompRocketLauncher</defName>
    <label>composite rocket launcher</label>
    <description>giant continous rocket launcher, strike a wild range with rockets.</description>
    <graphicData>
      <texPath>Vanya/Things/Item/Equipment/Vanya_CompRocketLauncher</texPath>
      <graphicClass>Graphic_Single</graphicClass>
    </graphicData>
    <statBases>
      <MaxHitPoints>350</MaxHitPoints>
      <MarketValue>1600</MarketValue>
      <Mass>80</Mass>
      <AccuracyTouch>1.0</AccuracyTouch>
      <AccuracyShort>1.0</AccuracyShort>
      <AccuracyMedium>1.0</AccuracyMedium>
      <AccuracyLong>1.0</AccuracyLong>
      <RangedWeapon_Cooldown>1.1</RangedWeapon_Cooldown>
    </statBases>
    <weaponTags>
      <li>MTVMechRocket</li>
    </weaponTags>
    <verbs>
      <li>
        <verbClass>Verb_Shoot</verbClass>
        <hasStandardCommand>true</hasStandardCommand>
        <defaultProjectile>Bullet_Vanya_CompRocketLauncher</defaultProjectile>
        <forcedMissRadius>7</forcedMissRadius>
        <warmupTime>5.2</warmupTime>
        <range>23</range>
        <ticksBetweenBurstShots>24</ticksBetweenBurstShots>
        <burstShotCount>1</burstShotCount>
        <soundCast>InfernoCannon_Fire</soundCast>
        <soundCastTail>GunTail_Heavy</soundCastTail>
        <onlyManualCast>true</onlyManualCast>
        <targetParams>
          <canTargetLocations>true</canTargetLocations>
        </targetParams>
        <muzzleFlashScale>14</muzzleFlashScale>
        <!--<minRange>9</minRange>-->
        <stopBurstWithoutLos>false</stopBurstWithoutLos>
      </li>
    </verbs>
    <tradeability>None</tradeability>
    <destroyOnDrop>True</destroyOnDrop>
    <menuHidden>True</menuHidden>
  </ThingDef>
  <!--ChaserArmadaGun-->
  <ThingDef Name="BaseCAGun_MTV" ParentName="BaseGun_MTV" Abstract="True">
    <thingCategories>
      <li>WeaponsRanged</li>
    </thingCategories>
    <equippedStatOffsets>
      <MoveSpeed>0.2</MoveSpeed>
    </equippedStatOffsets>
  </ThingDef>
  <ThingDef ParentName="BaseBullet_MTV">
    <defName>Bullet_Vanya_StalkerRifle</defName>
    <label>bullet</label>
    <graphicData>
      <texPath>Vanya/Things/Projectile/Bullet_Vanya_StalkerRifle</texPath>
      <graphicClass>Graphic_Single</graphicClass>
      <shaderType>TransparentPostLight</shaderType>
      <drawSize>(1,1)</drawSize>
    </graphicData>
    <projectile>
      <damageDef>Vanya_IgnoreDiffusion</damageDef>
      <damageAmountBase>7</damageAmountBase>
      <speed>100</speed>
      <stoppingPower>1.2</stoppingPower>
    </projectile>
  </ThingDef>
  <ThingDef ParentName="BaseCAGun_MTV">
    <defName>Vanya_StalkerRifle</defName>
    <label>Stalker rifle</label>
    <description>Chaser armada army's common rifle, have high accuracy and long range.</description>
    <graphicData>
      <texPath>Vanya/Things/Item/Equipment/Vanya_StalkerRifle</texPath>
      <graphicClass>Graphic_Single</graphicClass>
    </graphicData>
    <statBases>
      <Mass>3</Mass>
      <AccuracyTouch>0.70</AccuracyTouch>
      <AccuracyShort>0.71</AccuracyShort>
      <AccuracyMedium>0.61</AccuracyMedium>
      <AccuracyLong>0.52</AccuracyLong>
      <RangedWeapon_Cooldown>1</RangedWeapon_Cooldown>
      <MarketValue>1200</MarketValue>
    </statBases>
    <weaponTags>
      <li>MTVCARifle</li>
    </weaponTags>
    <verbs>
      <li>
        <verbClass>Verb_Shoot</verbClass>
        <hasStandardCommand>true</hasStandardCommand>
        <defaultProjectile>Bullet_Vanya_StalkerRifle</defaultProjectile>
        <warmupTime>1.33</warmupTime>
        <range>36</range>
        <burstShotCount>3</burstShotCount>
        <soundCast>Shot_ChargeRifle</soundCast>
        <soundCastTail>GunTail_Medium</soundCastTail>
        <muzzleFlashScale>9</muzzleFlashScale>
      </li>
    </verbs>
    <soundInteract>Interact_Rifle</soundInteract>
    <tools>
      <li>
        <label>stock</label>
        <capacities>
          <li>Blunt</li>
        </capacities>
        <power>9</power>
        <cooldownTime>1.8</cooldownTime>
      </li>
      <li>
        <label>barrel</label>
        <capacities>
          <li>Blunt</li>
          <li>Poke</li>
        </capacities>
        <power>10</power>
        <cooldownTime>1.9</cooldownTime>
      </li>
    </tools>
  </ThingDef>
  <ThingDef ParentName="BaseBullet_MTV">
    <defName>Bullet_Vanya_HunterSniper</defName>
    <label>bullet</label>
    <graphicData>
      <texPath>Vanya/Things/Projectile/Bullet_Vanya_StalkerRifle</texPath>
      <graphicClass>Graphic_Single</graphicClass>
      <shaderType>TransparentPostLight</shaderType>
      <drawSize>(1.5,1.5)</drawSize>
    </graphicData>
    <projectile>
      <damageDef>Vanya_IgnoreDiffusion</damageDef>
      <damageAmountBase>22</damageAmountBase>
      <speed>135</speed>
      <stoppingPower>5.5</stoppingPower>
    </projectile>
  </ThingDef>
  <ThingDef ParentName="BaseCAGun_MTV">
    <defName>Vanya_HunterSniper</defName>
    <label>Chaser Sniper rifle</label>
    <description>A advanced sniper rifle from chaser armada, used to hunt giant mechanoids.</description>
    <graphicData>
      <texPath>Vanya/Things/Item/Equipment/Vanya_HunterSniper</texPath>
      <graphicClass>Graphic_Single</graphicClass>
    </graphicData>
    <statBases>
      <Mass>4</Mass>
      <AccuracyTouch>0.65</AccuracyTouch>
      <AccuracyShort>0.88</AccuracyShort>
      <AccuracyMedium>0.88</AccuracyMedium>
      <AccuracyLong>0.90</AccuracyLong>
      <RangedWeapon_Cooldown>1.39</RangedWeapon_Cooldown>
      <MarketValue>1600</MarketValue>
    </statBases>
    <weaponTags>
      <li>MTVCASniper</li>
    </weaponTags>
    <verbs>
      <li>
        <verbClass>Verb_Shoot</verbClass>
        <hasStandardCommand>true</hasStandardCommand>
        <defaultProjectile>Bullet_Vanya_HunterSniper</defaultProjectile>
        <warmupTime>3.67</warmupTime>
        <range>51</range>
        <soundCast>Shot_SniperRifle</soundCast>
        <soundCastTail>GunTail_Heavy</soundCastTail>
        <muzzleFlashScale>9</muzzleFlashScale>
      </li>
    </verbs>
    <soundInteract>Interact_Rifle</soundInteract>
    <tools>
      <li>
        <label>stock</label>
        <capacities>
          <li>Blunt</li>
        </capacities>
        <power>9</power>
        <cooldownTime>1.8</cooldownTime>
      </li>
      <li>
        <label>barrel</label>
        <capacities>
          <li>Blunt</li>
          <li>Poke</li>
        </capacities>
        <power>10</power>
        <cooldownTime>1.9</cooldownTime>
      </li>
    </tools>
  </ThingDef>
  <ThingDef ParentName="BaseBullet_MTV">
    <defName>Bullet_Vanya_HellSong</defName>
    <label>HellSong</label>
    <graphicData>
      <texPath>Vanya/Things/Projectile/Bullet_Vanya_HellSong</texPath>
      <graphicClass>Graphic_Single</graphicClass>
      <shaderType>TransparentPostLight</shaderType>
      <drawSize>(2.4,2.4)</drawSize>
    </graphicData>
    <thingClass>Projectile_DoomsdayRocket</thingClass>
    <projectile>
      <damageDef>Bomb</damageDef>
      <damageAmountBase>36</damageAmountBase>
      <explosionRadius>6.9</explosionRadius>
      <speed>65</speed>
    </projectile>
  </ThingDef>
  <ThingDef ParentName="BaseCAGun_MTV">
    <defName>Vanya_HellSong</defName>
    <label>HellSong</label>
    <description>A heavy weapon from chaser armada, with wide range fire coverage, used to hunt small but swift mechanoids.</description>
    <graphicData>
      <texPath>Vanya/Things/Item/Equipment/Vanya_HellSong</texPath>
      <graphicClass>Graphic_Single</graphicClass>
    </graphicData>
    <statBases>
      <MarketValue>1800</MarketValue>
      <Mass>14</Mass>
      <AccuracyTouch>1.0</AccuracyTouch>
      <AccuracyShort>1.0</AccuracyShort>
      <AccuracyMedium>1.0</AccuracyMedium>
      <AccuracyLong>1.0</AccuracyLong>
      <RangedWeapon_Cooldown>4</RangedWeapon_Cooldown>
    </statBases>
    <weaponTags>
      <li>MTVCARocket</li>
    </weaponTags>
    <tradeTags>
      <li>ExoticMisc</li>
    </tradeTags>
    <verbs>
      <li>
        <verbClass>Verb_Shoot</verbClass>
        <hasStandardCommand>true</hasStandardCommand>
        <defaultProjectile>Bullet_Vanya_HellSong</defaultProjectile>
        <forcedMissRadius>2</forcedMissRadius>
        <warmupTime>3.63</warmupTime>
        <range>45</range>
        <burstShotCount>1</burstShotCount>
        <soundCast>InfernoCannon_Fire</soundCast>
        <soundCastTail>GunTail_Heavy</soundCastTail>
        <onlyManualCast>true</onlyManualCast>
        <targetParams>
          <canTargetLocations>true</canTargetLocations>
        </targetParams>
        <muzzleFlashScale>14</muzzleFlashScale>
        <minRange>8</minRange>
      </li>
    </verbs>
    <tools>
      <li>
        <label>stock</label>
        <capacities>
          <li>Blunt</li>
        </capacities>
        <power>9</power>
        <cooldownTime>1.8</cooldownTime>
      </li>
      <li>
        <label>barrel</label>
        <capacities>
          <li>Blunt</li>
          <li>Poke</li>
        </capacities>
        <power>10</power>
        <cooldownTime>1.9</cooldownTime>
      </li>
    </tools>
  </ThingDef>
</Defs>