﻿<?xml version="1.0" encoding="utf-8"?>
<Defs>
  <HediffDef>
    <defName>Vanya_IgnoreBleed</defName>
    <hediffClass>Hediff_Injury</hediffClass>
    <label>Bleeding</label>
    <tendable>true</tendable>
    <displayWound>true</displayWound>
    <labelNounPretty>{0} in the {1}</labelNounPretty>
    <comps>
      <li Class="HediffCompProperties_TendDuration">
        <labelTendedWell>Bandaged</labelTendedWell>
        <labelTendedWellInner>Sutured</labelTendedWellInner>
        <labelSolidTendedWell>Set</labelSolidTendedWell>
      </li>
      <li Class="HediffCompProperties_Infecter">
        <infectionChance>0.18</infectionChance>
      </li>
      <li Class="HediffCompProperties_GetsPermanent">
        <permanentLabel>Cut scar</permanentLabel>
      </li>
    </comps>
    <injuryProps>
      <painPerSeverity>0.04</painPerSeverity>
      <averagePainPerSeverityPermanent>0.00625</averagePainPerSeverityPermanent>
      <bleedRate>0.06</bleedRate>
      <canMerge>false</canMerge>
      <destroyedLabel>Cut out</destroyedLabel>
      <destroyedOutLabel>Cut out</destroyedOutLabel>
    </injuryProps>
  </HediffDef>
</Defs>