﻿<?xml version="1.0" encoding="utf-8"?>
<ModMetaData>
  <name>Polarisbloc - Security Force</name>
  <author>Vaniat</author>
  <url>https://github.com/VaniatD/Polarisbloc-Mods-Pack</url>
  <supportedVersions>
    <li>1.0</li>
    <li>1.1</li>
  </supportedVersions>
  <description>&lt;color=#FF3300&gt;Requirement: Polarisbloc - Core LAB&lt;/color&gt;\n\nThe security forces belonging to the Polarisbloc provide security support for the Polarisbloc. At the same time, it is also ordered by Polarisbloc to carry out the untold task.They are usually friendly to anyone until someone has annoyed them.\n\nAnd a storyteller named Erica will play with you.Erica is the child of the aristocracy in the core world.Erica liked the sudden setback in the bland story, and she found it very interesting.\n\nNow you have a chance to get a technology to make polaris - II shield belt by unscramble memory stick.\n\n\nEnjoy it!</description>
  <packageId>Vanya.Polarisbloc.SecurityForce</packageId>
  <modDependencies>
    <li>
      <packageId>Vanya.Polarisbloc.CoreLab</packageId>
      <displayName>Polarisbloc - Core LAB</displayName>
      <steamWorkshopUrl>steam://url/CommunityFilePage/1500244593</steamWorkshopUrl>
      <downloadUrl>https://github.com/VaniatD/Polarisbloc-Mods-Pack</downloadUrl>
    </li>
  </modDependencies>
  <loadAfter>
    <li>Vanya.Polarisbloc.CoreLab</li>
  </loadAfter>
  <loadBefore>
    <li>Vanya.Polarisbloc.Mechenemy</li>
    <li>Vanya.Polarisbloc.StorytellerIncidentsPack</li>
  </loadBefore>
</ModMetaData>