﻿<?xml version="1.0" encoding="utf-8"?>
<Defs>
  <RecipeDef>
    <defName>MakeApparel_PolarisShieldBelt_II</defName>
    <label>make polaris - II shield belt</label>
    <description>Make an polaris - II shield belt.</description>
    <jobString>Making polaris - II shield belt.</jobString>
    <workSpeedStat>GeneralLaborSpeed</workSpeedStat>
    <effectWorking>Smith</effectWorking>
    <soundWorking>Recipe_Machining</soundWorking>
    <workAmount>65000</workAmount>
    <unfinishedThingDef>UnfinishedBelt</unfinishedThingDef>
    <ingredients>
      <li>
        <filter>
          <thingDefs>
            <li>ComponentSpacer</li>
          </thingDefs>
        </filter>
        <count>3</count>
      </li>
      <li>
        <filter>
          <thingDefs>
            <li>Plasteel</li>
          </thingDefs>
        </filter>
        <count>75</count>
      </li>
      <li>
        <filter>
          <thingDefs>
            <li>Gold</li>
          </thingDefs>
        </filter>
        <count>0.8</count>
      </li>
      <li>
        <filter>
          <thingDefs>
            <li>Uranium</li>
          </thingDefs>
        </filter>
        <count>1</count>
      </li>
    </ingredients>
    <fixedIngredientFilter>
      <thingDefs>
        <li>ComponentSpacer</li>
        <li>Plasteel</li>
        <li>Gold</li>
        <li>Uranium</li>
      </thingDefs>
    </fixedIngredientFilter>
    <products>
      <Apparel_PolarisShieldBelt_II>1</Apparel_PolarisShieldBelt_II>
    </products>
    <skillRequirements>
      <Crafting>8</Crafting>
    </skillRequirements>
    <workSkill>Crafting</workSkill>
    <recipeUsers>
      <li>FabricationBench</li>
    </recipeUsers>
    <researchPrerequisite>PolarisShield</researchPrerequisite>
  </RecipeDef>
</Defs>